Year,State_Name,cotton_production_1000_tons,year_over_year_growth_pct
1966,Gujarat,3,0
1966,Gujarat,14,366.67
1966,Gujarat,2,-85.71
1966,Gujarat,44,2100
1966,Gujarat,3,-93.18
1966,Gujarat,2,-33.33
1966,Gujarat,16,700
1966,Gujarat,10,-37.5
1966,Gujarat,5,-50
1966,Gujarat,7,40
1966,Gujarat,17,142.86
1966,Gujarat,47,176.47
1966,Gujarat,8,-82.98
1966,Gujarat,10,25
1966,Gujarat,32,220
1966,Gujarat,29,-9.38
1966,Haryana,40.9,1178.12
1966,Haryana,0.8,-98.04
1966,Haryana,4.7,487.5
1966,Haryana,0.3,-93.62
1966,Haryana,3.2,-27.27
1966,Maharashtra,26,52.94
1966,Maharashtra,17,6.25
1966,Maharashtra,16,220
1966,Maharashtra,3,50
1966,Maharashtra,3,-40
1966,Maharashtra,5,0
1966,Maharashtra,5,150
1966,Maharashtra,2,100
1966,Maharashtra,1,-90
1966,Maharashtra,3,-76.92
1966,Maharashtra,10,233.33
1966,Maharashtra,2,-33.33
1966,Maharashtra,13,-51.85
1966,Maharashtra,27,35
1966,Maharashtra,5,66.67
1966,Maharashtra,14,600
1966,Maharashtra,2,100
1966,Maharashtra,1,-95.45
1966,Maharashtra,22,-15.38
1966,Punjab,56.3,13975
1966,Punjab,0.7,-98.76
1966,Punjab,7.9,1028.57
1966,Punjab,8.8,252
1966,Punjab,0.4,-95.45
1966,Punjab,34,372.22
1966,Punjab,13,-61.76
1966,Punjab,0.4,-96.92
1966,Punjab,0.4,0
1966,Punjab,2.5,525
1966,Telangana,0.2,0
1966,Telangana,0.2,0
1966,Telangana,8,3900
1967,Gujarat,11,-62.07
1967,Gujarat,12,9.09
1967,Gujarat,2,-83.33
1967,Gujarat,25,1150
1967,Gujarat,3,-88
1967,Gujarat,18,500
1967,Gujarat,37,105.56
1967,Gujarat,37,0
1967,Gujarat,19,-48.65
1967,Gujarat,51,168.42
1967,Gujarat,2,-96.08
1967,Gujarat,11,22.22
1967,Gujarat,17,54.55
1967,Gujarat,9,350
1967,Gujarat,4,-60
1967,Gujarat,10,233.33
1967,Gujarat,3,-82.35
1967,Haryana,4.5,1025
1967,Haryana,0.1,-66.67
1967,Haryana,1,900
1967,Haryana,3.6,-93.25
1967,Haryana,0.4,-88.89
1967,Haryana,4.9,8.89
1967,Haryana,53.3,5230
1967,Maharashtra,22,340
1967,Maharashtra,5,66.67
1967,Maharashtra,3,200
1967,Maharashtra,30,87.5
1967,Maharashtra,3,-85
1967,Maharashtra,1,-96.97
1967,Maharashtra,2,-85.71
1967,Maharashtra,5.7,-74.09
1967,Maharashtra,23,1050
1967,Maharashtra,3,-86.96
1967,Maharashtra,33,10
1967,Maharashtra,16,433.33
1967,Maharashtra,1,-95.83
1967,Maharashtra,24,41.18
1967,Maharashtra,17,1788.89
1967,Maharashtra,0.9,-70
1967,Maharashtra,20,900
1967,Maharashtra,2,-75
1967,Maharashtra,8,-33.33
1967,Maharashtra,12,1400
1967,Maharashtra,0.8,-85.96
1967,Punjab,7.2,-5.26
1967,Punjab,11,52.78
1967,Punjab,0.5,-95.45
1967,Punjab,7.6,1800
1967,Punjab,0.4,0
1967,Punjab,0.4,-82.61
1967,Punjab,2.3,-70.89
1967,Punjab,39.8,423.68
1967,Punjab,63.4,59.3
1967,Punjab,7.6,985.71
1967,Punjab,0.7,-98.9
1967,Telangana,1,400
1967,Telangana,0.3,-96.25
1967,Telangana,10,3233.33
1967,Telangana,0.1,-99
1967,Telangana,0.2,100
1967,Telangana,0.3,50
1967,Telangana,0.2,-80
1968,Gujarat,32,-49.21
1968,Gujarat,6,200
1968,Gujarat,35,-5.41
1968,Gujarat,10,-71.43
1968,Gujarat,5,-50
1968,Gujarat,7,40
1968,Gujarat,7,0
1968,Gujarat,2,-71.43
1968,Gujarat,5,-61.54
1968,Gujarat,63,1160
1968,Gujarat,3,-81.25
1968,Gujarat,16,300
1968,Gujarat,2,-88.89
1968,Gujarat,18,500
1968,Gujarat,3,-50
1968,Gujarat,13,550
1968,Gujarat,37,1133.33
1968,Haryana,2.8,21.74
1968,Haryana,0.3,-86.96
1968,Haryana,2.3,187.5
1968,Haryana,52.2,1764.29
1968,Haryana,2.3,-53.06
1968,Haryana,0.8,-98.47
1968,Maharashtra,0.9,-10
1968,Maharashtra,1,-87.5
1968,Maharashtra,8,-63.64
1968,Maharashtra,22,100
1968,Maharashtra,11,-69.44
1968,Maharashtra,36,20
1968,Maharashtra,30,2900
1968,Maharashtra,20,-16.67
1968,Maharashtra,24,-11.11
1968,Maharashtra,27,285.71
1968,Maharashtra,7,75
1968,Maharashtra,4,100
1968,Maharashtra,2,-91.3
1968,Maharashtra,23,1050
1968,Maharashtra,2,-33.33
1968,Maharashtra,3,1400
1968,Maharashtra,0.2,-90
1968,Maharashtra,2,-88.24
1968,Maharashtra,17,466.67
1968,Maharashtra,3,-40
1968,Maharashtra,5,455.56
1968,Punjab,5.4,980
1968,Punjab,0.5,0
1968,Punjab,0.3,-99.47
1968,Punjab,45.2,472.15
1968,Punjab,56.3,24.56
1968,Punjab,7.9,1875
1968,Punjab,0.4,-92.59
1968,Punjab,8.3,2666.67
1968,Punjab,0.6,-92.77
1968,Punjab,6.3,950
1968,Punjab,1.5,-76.19
1968,Telangana,0.2,-33.33
1968,Telangana,0.1,0
1968,Telangana,0.1,-98
1968,Telangana,5,4900
1968,Telangana,0.1,-50
1969,Gujarat,15.2,-26.92
1969,Gujarat,13.4,-58.13
1969,Gujarat,9.3,-30.6
1969,Gujarat,51.9,737.1
1969,Gujarat,20.8,84.07
1969,Gujarat,11.3,-84.37
1969,Gujarat,72.3,1707.5
1969,Gujarat,4,48.15
1969,Gujarat,2.9,-94.41
1969,Gujarat,36.9,1172.41
1969,Gujarat,8.6,-76.69
1969,Gujarat,5,-41.86
1969,Gujarat,4.9,-2
1969,Gujarat,11.8,140.82
1969,Gujarat,2.7,-85.08
1969,Gujarat,18.1,53.39
1969,Gujarat,6.2,-33.33
1969,Haryana,0.4,-86.67
1969,Haryana,52.6,2530
1969,Haryana,2,566.67
1969,Haryana,3,3.45
1969,Haryana,2.9,383.33
1969,Haryana,0.6,-98.86
1969,Maharashtra,3.4,-83
1969,Maharashtra,28,723.53
1969,Maharashtra,1.9,-93.21
1969,Maharashtra,6.7,6600
1969,Maharashtra,0.1,-97.5
1969,Maharashtra,21.3,15.76
1969,Maharashtra,18.4,1.66
1969,Maharashtra,18.1,1192.86
1969,Maharashtra,1.4,-87.39
1969,Maharashtra,11.1,46.05
1969,Maharashtra,7.6,-62
1969,Maharashtra,0.4,-94.03
1969,Maharashtra,2.3,475
1969,Maharashtra,12.6,447.83
1969,Maharashtra,20,400
1969,Maharashtra,4,-81.22
1969,Maharashtra,23.6,1375
1969,Maharashtra,27.3,15.68
1969,Maharashtra,4,-85.35
1969,Maharashtra,1.3,-89.68
1969,Maharashtra,1.6,23.08
1969,Punjab,0.4,-93.65
1969,Punjab,44.5,629.51
1969,Punjab,6.1,1425
1969,Punjab,1.9,-75
1969,Punjab,7.6,1420
1969,Punjab,0.5,-16.67
1969,Punjab,0.6,100
1969,Punjab,0.3,-99.52
1969,Punjab,62.6,40.67
1969,Punjab,13.1,773.33
1969,Punjab,6.3,-51.91
1969,Telangana,0.4,300
1969,Telangana,0.1,0
1969,Telangana,0.1,-50
1969,Telangana,0.2,-97.01
1969,Telangana,6.7,6600
1969,Telangana,0.1,-50
1969,Telangana,0.2,100
1970,Gujarat,13,-65.05
1970,Gujarat,9.3,-28.46
1970,Gujarat,25,614.29
1970,Gujarat,29.6,-24.49
1970,Gujarat,5.4,-81.76
1970,Gujarat,6.4,18.52
1970,Gujarat,37.8,490.62
1970,Gujarat,9.7,-61.2
1970,Gujarat,39.2,321.51
1970,Gujarat,3.5,-23.91
1970,Gujarat,4.6,-69.74
1970,Gujarat,37.2,226.32
1970,Gujarat,11.4,29.55
1970,Gujarat,8.8,-65.49
1970,Gujarat,25.5,-9.57
1970,Gujarat,28.2,-3.75
1970,Gujarat,29.3,202.06
1970,Haryana,0.4,-99.26
1970,Haryana,54.4,13500
1970,Haryana,0.4,-86.21
1970,Haryana,2.9,31.82
1970,Haryana,2.9,625
1970,Haryana,2.2,-24.14
1970,Maharashtra,2.3,-50
1970,Maharashtra,1.3,-80
1970,Maharashtra,6.5,-40.37
1970,Maharashtra,10.9,473.68
1970,Maharashtra,1.9,-68.85
1970,Maharashtra,2,400
1970,Maharashtra,4.1,105
1970,Maharashtra,4.6,253.85
1970,Maharashtra,11.8,413.04
1970,Maharashtra,5.3,-55.08
1970,Maharashtra,0.3,-94.34
1970,Maharashtra,7.8,90.24
1970,Maharashtra,4.1,115.79
1970,Maharashtra,1.8,1700
1970,Maharashtra,0.4,-77.78
1970,Maharashtra,1.3,-68.29
1970,Maharashtra,0.1,-98.72
1970,Maharashtra,4.2,1300
1970,Maharashtra,6.1,45.24
1970,Maharashtra,0.7,-86.79
1970,Maharashtra,5.3,307.69
1970,Punjab,5.2,-17.46
1970,Punjab,6.3,-86.68
1970,Punjab,47.3,23550
1970,Punjab,0.2,-97.06
1970,Punjab,6.8,1260
1970,Punjab,0.5,150
1970,Punjab,0.2,-89.47
1970,Punjab,13.9,672.22
1970,Punjab,0.7,-98.91
1970,Punjab,64.4,363.31
1970,Punjab,1.8,-65.38
1970,Telangana,0.1,0
1970,Telangana,0.2,100
1970,Telangana,0.1,-50
1970,Telangana,0.3,200
1970,Telangana,7.4,2366.67
1970,Telangana,0.1,-75
1970,Telangana,0.1,0
1971,Gujarat,13.7,-63.76
1971,Gujarat,20.3,48.18
1971,Gujarat,27.9,37.44
1971,Gujarat,58.9,111.11
1971,Gujarat,31.4,-46.69
1971,Gujarat,4.4,-85.99
1971,Gujarat,27.1,515.91
1971,Gujarat,8,-70.48
1971,Gujarat,11,37.5
1971,Gujarat,16.4,49.09
1971,Gujarat,10.3,-37.2
1971,Gujarat,33.3,223.3
1971,Gujarat,24,-27.93
1971,Gujarat,58.8,145
1971,Gujarat,52.9,-10.03
1971,Gujarat,15,-71.64
1971,Gujarat,38,153.33
1971,Haryana,0.5,-99.28
1971,Haryana,0.4,-20
1971,Haryana,69.3,1938.24
1971,Haryana,3.4,25.93
1971,Haryana,2.7,-6.9
1971,Haryana,2.9,625
1971,Maharashtra,13.1,35.05
1971,Maharashtra,26,25900
1971,Maharashtra,13.9,1885.71
1971,Maharashtra,7.2,-48.2
1971,Maharashtra,2,-72.22
1971,Maharashtra,0.5,-75
1971,Maharashtra,10.8,2060
1971,Maharashtra,1.8,-83.33
1971,Maharashtra,27,1400
1971,Maharashtra,0.5,-98.15
1971,Maharashtra,0.6,20
1971,Maharashtra,34.7,5683.33
1971,Maharashtra,0.1,-99.71
1971,Maharashtra,33.8,30
1971,Maharashtra,9.7,-71.3
1971,Maharashtra,9,-31.3
1971,Maharashtra,2,-77.78
1971,Maharashtra,2.8,40
1971,Maharashtra,17.1,510.71
1971,Maharashtra,3.1,-81.87
1971,Maharashtra,2,-35.48
1971,Punjab,6.3,215
1971,Punjab,77,1275
1971,Punjab,5.6,2700
1971,Punjab,0.4,0
1971,Punjab,2,-97.4
1971,Punjab,16.4,160.32
1971,Punjab,5.2,-68.29
1971,Punjab,0.7,-86.54
1971,Punjab,0.4,-42.86
1971,Punjab,59.9,8457.14
1971,Punjab,0.2,-99.67
1971,Telangana,9.5,9400
1971,Telangana,0.5,-93.24
1971,Telangana,0.1,-80
1971,Telangana,0.2,-97.89
1971,Telangana,0.3,50
1971,Telangana,0.1,0
1971,Telangana,0.2,-33.33
1972,Gujarat,34.7,-25.22
1972,Gujarat,8.5,-75.5
1972,Gujarat,11.6,70.59
1972,Gujarat,26.8,972
1972,Gujarat,34.9,445.31
1972,Gujarat,11.1,-68.19
1972,Gujarat,22.6,103.6
1972,Gujarat,2.5,-88.94
1972,Gujarat,35.3,315.29
1972,Gujarat,14.5,-45.9
1972,Gujarat,7.6,-47.59
1972,Gujarat,14.4,89.47
1972,Gujarat,6.8,-52.78
1972,Gujarat,6.4,-83.16
1972,Gujarat,3.5,-69.83
1972,Gujarat,5.1,45.71
1972,Gujarat,46.4,809.8
1972,Haryana,0.7,-69.57
1972,Haryana,2.3,475
1972,Haryana,1.4,180
1972,Haryana,3.7,428.57
1972,Haryana,0.7,0
1972,Haryana,70,1791.89
1972,Haryana,0.5,-99.29
1972,Maharashtra,5.3,-68.64
1972,Maharashtra,22.7,328.3
1972,Maharashtra,1.5,-93.39
1972,Maharashtra,1.8,20
1972,Maharashtra,12.9,616.67
1972,Maharashtra,12.6,-2.33
1972,Maharashtra,4.5,400
1972,Maharashtra,16.9,894.12
1972,Maharashtra,1.8,-85.71
1972,Maharashtra,9.8,-44.63
1972,Maharashtra,17.7,293.33
1972,Maharashtra,0.1,-98.61
1972,Maharashtra,27.6,27500
1972,Maharashtra,7.7,-72.1
1972,Maharashtra,1.6,-79.22
1972,Maharashtra,0.3,-81.25
1972,Maharashtra,32.4,10700
1972,Maharashtra,1.7,-94.75
1972,Maharashtra,0.9,-47.06
1972,Maharashtra,7.2,300
1972,Maharashtra,1.7,-15
1972,Punjab,0.2,-50
1972,Punjab,0.4,-99.38
1972,Punjab,6.7,1575
1972,Punjab,75.7,1029.85
1972,Punjab,7.4,-90.22
1972,Punjab,0.5,-97.47
1972,Punjab,5.9,-20.27
1972,Punjab,0.2,-60
1972,Punjab,19.8,1000
1972,Punjab,1.8,-69.49
1972,Punjab,64.3,32050
1972,Telangana,0.2,100
1972,Telangana,0.1,-98.72
1972,Telangana,7.8,7700
1972,Telangana,0.1,0
1972,Telangana,0.1,-50
1972,Telangana,0.1,0
1973,Gujarat,10.3,87.27
1973,Gujarat,8.9,-13.59
1973,Gujarat,13.3,49.44
1973,Gujarat,19.6,47.37
1973,Gujarat,30.1,53.57
1973,Gujarat,32,6.31
1973,Gujarat,2.8,-92.07
1973,Gujarat,10.4,271.43
1973,Gujarat,4.6,-55.77
1973,Gujarat,14.9,223.91
1973,Gujarat,29.6,98.66
1973,Gujarat,17.1,-42.23
1973,Gujarat,41.6,143.27
1973,Gujarat,19.7,-52.64
1973,Gujarat,43.2,119.29
1973,Gujarat,9,-79.17
1973,Gujarat,5.5,-38.89
1973,Haryana,0.8,100
1973,Haryana,1.8,12.5
1973,Haryana,0.4,-71.43
1973,Haryana,0.7,-61.11
1973,Haryana,1.6,-97.75
1973,Haryana,4.5,542.86
1973,Haryana,71.2,8800
1973,Maharashtra,15.1,2920
1973,Maharashtra,0.5,-98.15
1973,Maharashtra,27,175.51
1973,Maharashtra,1.4,-95.65
1973,Maharashtra,0.8,-92.23
1973,Maharashtra,10.3,-18.9
1973,Maharashtra,3,-85.71
1973,Maharashtra,12.7,429.17
1973,Maharashtra,2.4,2300
1973,Maharashtra,0.1,-75
1973,Maharashtra,0.4,-86.67
1973,Maharashtra,21,84.21
1973,Maharashtra,11.4,46.15
1973,Maharashtra,7.8,254.55
1973,Maharashtra,2.2,-56
1973,Maharashtra,5,1566.67
1973,Maharashtra,0.3,-98.44
1973,Maharashtra,19.2,28.86
1973,Maharashtra,14.9,964.29
1973,Maharashtra,32.2,7950
1973,Maharashtra,0.4,-97.35
1973,Punjab,7.7,1825
1973,Punjab,57.1,28450
1973,Punjab,2,-97.63
1973,Punjab,0.5,25
1973,Punjab,0.2,-60
1973,Punjab,6.5,3150
1973,Punjab,20.7,935
1973,Punjab,7.4,-64.25
1973,Punjab,0.4,-94.59
1973,Punjab,84.5,997.4
1973,Punjab,0.4,-99.3
1973,Telangana,0.1,0
1973,Telangana,0.1,-50
1973,Telangana,0.2,100
1973,Telangana,0.1,-98.98
1973,Telangana,0.1,0
1973,Telangana,9.8,9700
1974,Gujarat,1.7,-94.69
1974,Gujarat,14.7,764.71
1974,Gujarat,24.1,608.82
1974,Gujarat,6.3,-73.86
1974,Gujarat,1.2,-83.33
1974,Gujarat,2.5,108.33
1974,Gujarat,27.5,216.09
1974,Gujarat,7.2,14.29
1974,Gujarat,8.7,248
1974,Gujarat,4.8,-87.37
1974,Gujarat,38,122.22
1974,Gujarat,17.1,-58.99
1974,Gujarat,41.7,348.39
1974,Gujarat,3.4,-76.22
1974,Gujarat,9.3,-70.66
1974,Gujarat,31.7,115.65
1974,Gujarat,14.3,197.92
1974,Haryana,0.8,100
1974,Haryana,0.4,-99.44
1974,Haryana,2.1,-53.33
1974,Haryana,1.2,-42.86
1974,Haryana,71.6,5866.67
1974,Haryana,0.2,-95.74
1974,Haryana,4.7,487.5
1974,Maharashtra,28.3,-15.52
1974,Maharashtra,19,-15.93
1974,Maharashtra,1.5,-92.11
1974,Maharashtra,11.4,200
1974,Maharashtra,0.2,-99.47
1974,Maharashtra,37.9,2815.38
1974,Maharashtra,1.3,0
1974,Maharashtra,1.3,-95.41
1974,Maharashtra,33.5,42.55
1974,Maharashtra,23.5,173.26
1974,Maharashtra,8.6,-75.29
1974,Maharashtra,34.8,2220
1974,Maharashtra,1.5,0
1974,Maharashtra,24.4,114.04
1974,Maharashtra,17.9,-26.64
1974,Maharashtra,0.4,-97.77
1974,Maharashtra,3.9,875
1974,Maharashtra,3,-23.08
1974,Maharashtra,2,-33.33
1974,Maharashtra,22.6,1030
1974,Maharashtra,3.8,375
1974,Punjab,2,-68.25
1974,Punjab,88.6,4330
1974,Punjab,9.7,2325
1974,Punjab,25,6150
1974,Punjab,6.3,-35.05
1974,Punjab,7.6,1800
1974,Punjab,0.4,-98.4
1974,Punjab,0.5,-93.42
1974,Punjab,0.4,-93.85
1974,Punjab,0.4,-99.46
1974,Punjab,74,14700
1974,Telangana,11.2,3633.33
1974,Telangana,0.1,-99.11
1974,Telangana,0.9,800
1974,Telangana,0.4,-55.56
1974,Telangana,0.1,-75
1974,Telangana,0.1,-50
1974,Telangana,0.2,100
1974,Telangana,0.3,50
1974,Telangana,0.2,0
1975,Gujarat,22.7,13.5
1975,Gujarat,21,-7.49
1975,Gujarat,6.4,-69.52
1975,Gujarat,30.4,10.55
1975,Gujarat,19.1,-37.17
1975,Gujarat,29.3,53.4
1975,Gujarat,15.3,-47.78
1975,Gujarat,3.7,270
1975,Gujarat,10.2,-33.33
1975,Gujarat,1,-84.38
1975,Gujarat,8.4,-17.65
1975,Gujarat,50.1,1254.05
1975,Gujarat,9.4,11.9
1975,Gujarat,31.4,-37.33
1975,Gujarat,3.9,-58.51
1975,Gujarat,34.3,779.49
1975,Gujarat,20,-41.69
1975,Haryana,72.1,17925
1975,Haryana,0.4,-82.61
1975,Haryana,2.3,1050
1975,Haryana,1,-98.61
1975,Haryana,2.7,-46
1975,Haryana,5,1150
1975,Haryana,0.4,-60
1975,Maharashtra,5.1,-62.5
1975,Maharashtra,14,174.51
1975,Maharashtra,10.6,404.76
1975,Maharashtra,2.1,-89.23
1975,Maharashtra,19.5,1400
1975,Maharashtra,1.3,-18.75
1975,Maharashtra,1.6,-90.18
1975,Maharashtra,16.3,1381.82
1975,Maharashtra,1.1,37.5
1975,Maharashtra,0.8,60
1975,Maharashtra,0.5,400
1975,Maharashtra,0.1,-98.65
1975,Maharashtra,1.3,-90.71
1975,Maharashtra,7.4,3600
1975,Maharashtra,5.9,353.85
1975,Maharashtra,6.7,-36.79
1975,Maharashtra,1.8,-73.13
1975,Maharashtra,2.3,27.78
1975,Maharashtra,13.6,119.35
1975,Maharashtra,6.2,-70.19
1975,Maharashtra,20.8,804.35
1975,Punjab,76.4,19000
1975,Punjab,9.4,18.99
1975,Punjab,27,5300
1975,Punjab,92.3,20.81
1975,Punjab,7.9,1875
1975,Punjab,0.4,100
1975,Punjab,2.2,-72.15
1975,Punjab,7.9,259.09
1975,Punjab,0.4,-95.74
1975,Punjab,0.5,-99.46
1975,Punjab,0.2,-99.77
1975,Telangana,4.1,1950
1975,Telangana,0.2,100
1975,Telangana,0.1,0
1975,Telangana,0.1,0
1975,Telangana,0.1,-97.56
1976,Gujarat,11.3,4.63
1976,Gujarat,39.2,246.9
1976,Gujarat,13,-66.84
1976,Gujarat,5.5,-57.69
1976,Gujarat,1,-81.82
1976,Gujarat,23.8,2280
1976,Gujarat,9.4,40.3
1976,Gujarat,23,144.68
1976,Gujarat,28.6,24.35
1976,Gujarat,6.7,-71.85
1976,Gujarat,12.9,-31.02
1976,Gujarat,25.3,-19.43
1976,Gujarat,42,66.01
1976,Gujarat,16.5,-60.71
1976,Gujarat,18.7,13.33
1976,Gujarat,29.3,127.13
1976,Gujarat,10.8,-63.14
1976,Haryana,1.6,-40.74
1976,Haryana,4.7,193.75
1976,Haryana,2,66.67
1976,Haryana,0.2,-99.74
1976,Haryana,1.2,-74.47
1976,Haryana,0.4,-80
1976,Haryana,75.7,18825
1976,Maharashtra,21.4,-18.01
1976,Maharashtra,26.1,283.82
1976,Maharashtra,0.4,-60
1976,Maharashtra,1,900
1976,Maharashtra,0.1,-91.67
1976,Maharashtra,1.2,-79.66
1976,Maharashtra,1,-91.23
1976,Maharashtra,0.9,-83.33
1976,Maharashtra,5.4,-43.75
1976,Maharashtra,9.6,300
1976,Maharashtra,2.4,-75.51
1976,Maharashtra,9.8,250
1976,Maharashtra,22.5,2400
1976,Maharashtra,11.4,-49.33
1976,Maharashtra,5.2,420
1976,Maharashtra,1.7,-67.31
1976,Maharashtra,0.4,-76.47
1976,Maharashtra,9.3,2225
1976,Maharashtra,11.4,2750
1976,Maharashtra,6.8,-40.35
1976,Maharashtra,2.8,-86.92
1976,Punjab,5,257.14
1976,Punjab,0.5,-99.39
1976,Punjab,21.2,4140
1976,Punjab,1.4,100
1976,Punjab,5.4,1250
1976,Punjab,0.7,-87.04
1976,Punjab,82.4,1548
1976,Punjab,24,-11.11
1976,Punjab,0.4,0
1976,Punjab,0.4,-99.35
1976,Punjab,61.8,157.5
1976,Telangana,0.5,400
1976,Telangana,0.1,-97.62
1976,Telangana,4.2,4100
1976,Telangana,0.1,-80
1977,Gujarat,54.7,264.67
1977,Gujarat,12.1,-77.88
1977,Gujarat,11.9,-1.65
1977,Gujarat,1.3,-89.08
1977,Gujarat,27.9,2046.15
1977,Gujarat,19.4,-30.47
1977,Gujarat,41.9,115.98
1977,Gujarat,33.4,21.9
1977,Gujarat,18.6,-44.31
1977,Gujarat,7.1,-61.83
1977,Gujarat,11.2,57.75
1977,Gujarat,32.8,192.86
1977,Gujarat,27.4,-34.61
1977,Gujarat,32.1,12.24
1977,Gujarat,9,-71.96
1977,Gujarat,10.7,18.89
1977,Gujarat,15,40.19
1977,Haryana,1.6,700
1977,Haryana,75,37400
1977,Haryana,4.5,-94
1977,Haryana,1,-77.78
1977,Haryana,2,100
1977,Haryana,0.2,-87.5
1977,Haryana,0.4,-80
1977,Maharashtra,2.8,-74.31
1977,Maharashtra,0.5,-94.62
1977,Maharashtra,3.4,0
1977,Maharashtra,31,1376.19
1977,Maharashtra,6.1,-69.19
1977,Maharashtra,6.1,117.86
1977,Maharashtra,2.1,-65.57
1977,Maharashtra,10.9,3533.33
1977,Maharashtra,0.3,-85
1977,Maharashtra,2,-93.49
1977,Maharashtra,30.7,81.66
1977,Maharashtra,16.9,956.25
1977,Maharashtra,1.6,-91.71
1977,Maharashtra,19.3,1654.55
1977,Maharashtra,1.1,-90.83
1977,Maharashtra,12,-61.17
1977,Maharashtra,30.9,406.56
1977,Maharashtra,19.8,482.35
1977,Maharashtra,3.4,-83.33
1977,Maharashtra,20.4,20300
1977,Maharashtra,0.1,-80
1977,Punjab,0.9,-76.32
1977,Punjab,3.8,-19.15
1977,Punjab,4.7,-77.83
1977,Punjab,24.8,12300
1977,Punjab,0.4,100
1977,Punjab,0.2,-50
1977,Punjab,0.5,-99.48
1977,Punjab,96.7,1873.47
1977,Punjab,4.9,-80.24
1977,Punjab,0.2,-99.76
1977,Punjab,83.3,9155.56
1977,Telangana,0.3,50
1977,Telangana,1.9,533.33
1977,Telangana,0.2,100
1977,Telangana,8.9,368.42
1978,Gujarat,4.5,-65.12
1978,Gujarat,12.9,-54.74
1978,Gujarat,28.5,19.75
1978,Gujarat,23.8,176.74
1978,Gujarat,8.6,-31.75
1978,Gujarat,12.6,29.9
1978,Gujarat,9.7,-56.5
1978,Gujarat,22.3,-32.01
1978,Gujarat,2,-85.82
1978,Gujarat,43.5,291.89
1978,Gujarat,50.5,99.6
1978,Gujarat,25.3,-5.24
1978,Gujarat,26.7,-38.62
1978,Gujarat,11.1,-79.89
1978,Gujarat,55.2,142.11
1978,Gujarat,22.8,1040
1978,Gujarat,14.1,213.33
1978,Haryana,0.8,-55.56
1978,Haryana,0.2,-75
1978,Haryana,0.5,150
1978,Haryana,1.4,-68.89
1978,Haryana,4.5,800
1978,Haryana,99.3,6992.86
1978,Haryana,1.8,350
1978,Maharashtra,4.3,-78.17
1978,Maharashtra,19.7,319.15
1978,Maharashtra,4.7,4600
1978,Maharashtra,0.1,-99.58
1978,Maharashtra,23.6,2850
1978,Maharashtra,0.8,-96.68
1978,Maharashtra,24.1,703.33
1978,Maharashtra,3,57.89
1978,Maharashtra,1.9,-89.56
1978,Maharashtra,18.2,0
1978,Maharashtra,31.5,1.61
1978,Maharashtra,20.6,-34.6
1978,Maharashtra,7.2,89.47
1978,Maharashtra,3,-58.33
1978,Maharashtra,0.8,-73.33
1978,Maharashtra,3.8,-81.55
1978,Maharashtra,16.4,1.23
1978,Maharashtra,16.2,1925
1978,Maharashtra,3.3,-23.26
1978,Maharashtra,7.5,-54.27
1978,Maharashtra,18.2,142.67
1978,Punjab,0.2,0
1978,Punjab,0.7,40
1978,Punjab,82.1,11628.57
1978,Punjab,0.3,-99.63
1978,Punjab,4.9,1533.33
1978,Punjab,25.8,426.53
1978,Punjab,3.4,-86.82
1978,Punjab,77.9,2191.18
1978,Punjab,0.3,-99.61
1978,Punjab,0.2,-95.35
1978,Punjab,4.3,1333.33
1978,Telangana,0.1,-98.88
1978,Telangana,0.2,-50
1978,Telangana,0.4,300
1978,Telangana,2.3,-74.16
1978,Telangana,8.9,4350
1979,Gujarat,21.7,141.11
1979,Gujarat,7,-67.74
1979,Gujarat,3.7,-47.14
1979,Gujarat,35.3,854.05
1979,Gujarat,1.6,-95.47
1979,Gujarat,19.3,1106.25
1979,Gujarat,10.5,-45.6
1979,Gujarat,18.1,72.38
1979,Gujarat,41,126.52
1979,Gujarat,11.4,-72.2
1979,Gujarat,18.5,62.28
1979,Gujarat,23.1,24.86
1979,Gujarat,7.9,-65.8
1979,Gujarat,9,-56.1
1979,Gujarat,10.2,-79.8
1979,Gujarat,44.8,339.22
1979,Gujarat,20.5,-54.24
1979,Haryana,2.1,110
1979,Haryana,5.6,-94.36
1979,Haryana,2.3,-58.93
1979,Haryana,0.3,-86.96
1979,Haryana,0.7,133.33
1979,Haryana,1,-98.87
1979,Haryana,88.4,12528.57
1979,Maharashtra,28.8,28700
1979,Maharashtra,22.2,455
1979,Maharashtra,9.1,3.41
1979,Maharashtra,8.8,-55.33
1979,Maharashtra,19.7,-32.99
1979,Maharashtra,29.4,22.5
1979,Maharashtra,24,321.05
1979,Maharashtra,5.7,-74.32
1979,Maharashtra,22.2,593.75
1979,Maharashtra,3.2,33.33
1979,Maharashtra,2.4,140
1979,Maharashtra,4,166.67
1979,Maharashtra,5.2,-74
1979,Maharashtra,1,-69.7
1979,Maharashtra,1.8,80
1979,Maharashtra,25.1,1294.44
1979,Maharashtra,20,-20.32
1979,Maharashtra,0.1,-99.74
1979,Maharashtra,38.4,72.97
1979,Maharashtra,1.5,-71.15
1979,Maharashtra,1,-96.53
1979,Punjab,0.2,-33.33
1979,Punjab,2.9,-32.56
1979,Punjab,0.3,50
1979,Punjab,86.8,12300
1979,Punjab,4.3,-83.33
1979,Punjab,2,566.67
1979,Punjab,25.8,1190
1979,Punjab,0.3,-99.64
1979,Punjab,83.9,-3.34
1979,Punjab,0.7,-75.86
1979,Punjab,0.3,0
1979,Telangana,0.6,-73.91
1979,Telangana,0.1,-83.33
1979,Telangana,3,2900
1979,Telangana,11.5,5650
1979,Telangana,0.1,-99.13
1979,Telangana,0.2,-93.33
1980,Gujarat,20.8,173.68
1980,Gujarat,22.2,-34.51
1980,Gujarat,8.6,-56.35
1980,Gujarat,18.5,115.12
1980,Gujarat,39.3,112.43
1980,Gujarat,19.7,13.22
1980,Gujarat,7.6,-82.33
1980,Gujarat,43,141.57
1980,Gujarat,17.8,81.63
1980,Gujarat,9.8,180
1980,Gujarat,3.5,-68.18
1980,Gujarat,11,587.5
1980,Gujarat,1.6,-95.93
1980,Gujarat,33.9,62.98
1980,Gujarat,6.7,-15.19
1980,Gujarat,10.1,50.75
1980,Gujarat,17.4,72.28
1980,Haryana,0.8,-99.21
1980,Haryana,101.9,20280
1980,Haryana,6.5,209.52
1980,Haryana,1.1,-83.08
1980,Haryana,2.9,262.5
1980,Haryana,0.5,-82.14
1980,Haryana,2.8,154.55
1980,Maharashtra,18.8,382.05
1980,Maharashtra,3.9,30
1980,Maharashtra,3,-83.33
1980,Maharashtra,18,-37.28
1980,Maharashtra,28.7,72.89
1980,Maharashtra,16.6,435.48
1980,Maharashtra,3.1,-65.93
1980,Maharashtra,21.5,14.36
1980,Maharashtra,15,127.27
1980,Maharashtra,6.6,144.44
1980,Maharashtra,2.7,-60.29
1980,Maharashtra,6.8,-69.09
1980,Maharashtra,22,900
1980,Maharashtra,2.2,-86.75
1980,Maharashtra,16.6,286.05
1980,Maharashtra,4.3,514.29
1980,Maharashtra,0.7,0
1980,Maharashtra,0.7,-82.93
1980,Maharashtra,4.1,-72.3
1980,Maharashtra,14.8,14700
1980,Maharashtra,0.1,-99.53
1980,Punjab,0.3,-99.57
1980,Punjab,0.2,-33.33
1980,Punjab,69.1,963.08
1980,Punjab,2.2,1000
1980,Punjab,0.3,-86.36
1980,Punjab,4.3,1333.33
1980,Punjab,29.8,593.02
1980,Punjab,86.5,190.27
1980,Punjab,0.5,-99.42
1980,Punjab,0.7,40
1980,Punjab,6.5,828.57
1980,Telangana,0.1,0
1980,Telangana,0.1,-75
1980,Telangana,19.1,4675
1980,Telangana,0.4,300
1980,Telangana,5,4900
1980,Telangana,0.4,-92
1981,Gujarat,25.4,176.09
1981,Gujarat,13.4,63.41
1981,Gujarat,8.2,-65.98
1981,Gujarat,9.2,-77.83
1981,Gujarat,24.1,-54.18
1981,Gujarat,41.5,52.57
1981,Gujarat,52.6,338.33
1981,Gujarat,27.2,102.99
1981,Gujarat,12,13.21
1981,Gujarat,22.7,4.61
1981,Gujarat,21.7,404.65
1981,Gujarat,4.3,-79.81
1981,Gujarat,10.6,457.89
1981,Gujarat,1.9,-84.55
1981,Gujarat,12.3,-45.81
1981,Gujarat,48.1,89.37
1981,Gujarat,21.3,-4.05
1981,Haryana,3.1,3.33
1981,Haryana,3,3.45
1981,Haryana,7.1,129.03
1981,Haryana,0.3,-95.77
1981,Haryana,1.4,366.67
1981,Haryana,99.7,7021.43
1981,Haryana,0.9,-99.1
1981,Maharashtra,7.9,426.67
1981,Maharashtra,24.9,66
1981,Maharashtra,20.8,-18.11
1981,Maharashtra,19.2,143.04
1981,Maharashtra,1.5,-57.14
1981,Maharashtra,3.5,3400
1981,Maharashtra,0.1,-94.44
1981,Maharashtra,21.7,4.33
1981,Maharashtra,1.8,-52.63
1981,Maharashtra,3.8,375
1981,Maharashtra,0.8,-89.47
1981,Maharashtra,2.1,-53.33
1981,Maharashtra,4.5,-73.99
1981,Maharashtra,17.3,246
1981,Maharashtra,5,-70.76
1981,Maharashtra,17.1,-10.94
1981,Maharashtra,7.6,261.9
1981,Maharashtra,0.8,-96.79
1981,Maharashtra,33.2,4050
1981,Maharashtra,25.4,-23.49
1981,Maharashtra,19.2,-11.52
1981,Punjab,94.8,2054.55
1981,Punjab,0.3,50
1981,Punjab,6.5,828.57
1981,Punjab,0.7,40
1981,Punjab,0.5,66.67
1981,Punjab,32.1,1006.9
1981,Punjab,2.9,480
1981,Punjab,0.5,-99.47
1981,Punjab,4.4,214.29
1981,Punjab,1.4,-98.05
1981,Punjab,71.9,1006.15
1981,Telangana,0.6,50
1981,Telangana,4.8,-73.91
1981,Telangana,18.4,18300
1981,Telangana,0.1,0
1981,Telangana,0.1,-99.48
1981,Telangana,0.4,-91.67
1982,Gujarat,3.2,-80
1982,Gujarat,17.8,456.25
1982,Gujarat,6.8,-61.8
1982,Gujarat,9.1,33.82
1982,Gujarat,38.8,546.67
1982,Gujarat,18.8,-51.55
1982,Gujarat,16.7,-11.17
1982,Gujarat,7.8,-53.29
1982,Gujarat,15.7,-67.36
1982,Gujarat,20,156.41
1982,Gujarat,30.6,94.9
1982,Gujarat,6,-32.58
1982,Gujarat,9.9,-67.65
1982,Gujarat,35.5,258.59
1982,Gujarat,1.4,-96.06
1982,Gujarat,16,1042.86
1982,Gujarat,8.9,-2.2
1982,Haryana,3.7,85
1982,Haryana,2,-78.26
1982,Haryana,1.4,55.56
1982,Haryana,3.2,128.57
1982,Haryana,123,3743.75
1982,Haryana,0.3,-99.76
1982,Haryana,9.2,2966.67
1982,Maharashtra,18.9,-30.77
1982,Maharashtra,27.3,3312.5
1982,Maharashtra,0.8,-11.11
1982,Maharashtra,0.9,-95.31
1982,Maharashtra,22.8,2433.33
1982,Maharashtra,8.3,66
1982,Maharashtra,18.7,18600
1982,Maharashtra,0.1,-99.52
1982,Maharashtra,21,141.38
1982,Maharashtra,8.7,200
1982,Maharashtra,2.9,222.22
1982,Maharashtra,0.9,-96.76
1982,Maharashtra,27.8,16.81
1982,Maharashtra,23.8,340.74
1982,Maharashtra,5.4,217.65
1982,Maharashtra,1.7,-95.33
1982,Maharashtra,36.4,338.55
1982,Maharashtra,5,-78.07
1982,Maharashtra,0.9,-76.32
1982,Maharashtra,3.8,-81.9
1982,Maharashtra,21,11.11
1982,Punjab,0.3,50
1982,Punjab,2.6,-16.13
1982,Punjab,96.8,3933.33
1982,Punjab,25.3,-73.86
1982,Punjab,0.2,-99.21
1982,Punjab,2.4,-7.69
1982,Punjab,74.7,24800
1982,Punjab,3.1,342.86
1982,Punjab,0.3,-99.6
1982,Punjab,0.7,-97.82
1982,Punjab,0.7,133.33
1982,Telangana,0.3,200
1982,Telangana,0.4,33.33
1982,Telangana,0.1,-97.62
1982,Telangana,4.2,950
1982,Telangana,0.1,-83.33
1982,Telangana,15.9,15800
1982,Telangana,0.1,-99.37
1983,Gujarat,7.3,-53.21
1983,Gujarat,28.6,207.53
1983,Gujarat,16.6,-17
1983,Gujarat,6.4,-61.45
1983,Gujarat,17.5,173.44
1983,Gujarat,1.3,-92.57
1983,Gujarat,5.6,330.77
1983,Gujarat,9.3,-36.3
1983,Gujarat,15.6,178.57
1983,Gujarat,15,105.48
1983,Gujarat,33.2,121.33
1983,Gujarat,8.3,-75
1983,Gujarat,36.2,336.14
1983,Gujarat,8.5,-76.52
1983,Gujarat,14.6,-21.93
1983,Gujarat,3,-64.71
1983,Gujarat,18.7,523.33
1983,Haryana,0.2,-89.47
1983,Haryana,1.9,-97.74
1983,Haryana,83.9,1098.57
1983,Haryana,7,677.78
1983,Haryana,1.7,-29.17
1983,Haryana,2.4,-35.14
1983,Haryana,0.9,-47.06
1983,Maharashtra,4.4,-65.35
1983,Maharashtra,13.8,213.64
1983,Maharashtra,1.9,-29.63
1983,Maharashtra,18.4,33.33
1983,Maharashtra,0.5,-73.68
1983,Maharashtra,16.8,3260
1983,Maharashtra,4.2,-63.48
1983,Maharashtra,1.5,-64.29
1983,Maharashtra,0.2,-86.67
1983,Maharashtra,0.7,250
1983,Maharashtra,0.3,-57.14
1983,Maharashtra,9.6,3100
1983,Maharashtra,2.5,-73.96
1983,Maharashtra,0.1,-96
1983,Maharashtra,2.7,2600
1983,Maharashtra,11.5,-37.5
1983,Maharashtra,0.5,-97.33
1983,Maharashtra,10.6,2020
1983,Maharashtra,14.1,33.02
1983,Maharashtra,12.7,-9.93
1983,Maharashtra,12,-28.57
1983,Punjab,0.2,0
1983,Punjab,1.4,-96.58
1983,Punjab,62,30900
1983,Punjab,0.3,-99.52
1983,Punjab,1.7,142.86
1983,Punjab,0.5,66.67
1983,Punjab,40.9,2305.88
1983,Punjab,0.2,-85.71
1983,Punjab,0.2,0
1983,Punjab,12.8,6300
1983,Punjab,0.2,-98.44
1983,Telangana,0.1,0
1983,Telangana,0.1,0
1983,Telangana,25.9,25800
1983,Telangana,0.1,-99.61
1983,Telangana,0.1,-98.53
1983,Telangana,0.5,400
1983,Telangana,6.8,1260
1984,Gujarat,7.6,-64.15
1984,Gujarat,55.7,94.76
1984,Gujarat,41.6,278.18
1984,Gujarat,63.2,51.92
1984,Gujarat,4.8,-92.41
1984,Gujarat,8.3,72.92
1984,Gujarat,21.2,-50.58
1984,Gujarat,42.9,416.87
1984,Gujarat,16.6,118.42
1984,Gujarat,9.9,130.23
1984,Gujarat,11,11.11
1984,Gujarat,4.3,-54.26
1984,Gujarat,9.4,-55.45
1984,Gujarat,21.1,-12.81
1984,Gujarat,24.2,142
1984,Gujarat,10,-82.05
1984,Haryana,0.3,-99.67
1984,Haryana,6.1,2950
1984,Haryana,0.2,-33.33
1984,Haryana,91.9,5305.88
1984,Haryana,1.7,-5.56
1984,Haryana,1.8,5.88
1984,Haryana,1.7,750
1984,Maharashtra,0.3,-98.83
1984,Maharashtra,3.7,516.67
1984,Maharashtra,0.6,50
1984,Maharashtra,0.4,-98.58
1984,Maharashtra,28.1,12.4
1984,Maharashtra,0.5,-95.83
1984,Maharashtra,25,0.4
1984,Maharashtra,24.9,-14.73
1984,Maharashtra,2.9,-92.25
1984,Maharashtra,25.7,594.59
1984,Maharashtra,37.4,171.01
1984,Maharashtra,0.1,-66.67
1984,Maharashtra,0.3,-98.5
1984,Maharashtra,20,589.66
1984,Maharashtra,29.2,5740
1984,Maharashtra,13.8,146.43
1984,Maharashtra,5.6,-40.43
1984,Maharashtra,9.4,38.24
1984,Maharashtra,6.8,580
1984,Maharashtra,1,-92.7
1984,Maharashtra,13.7,4466.67
1984,Punjab,10.5,3400
1984,Punjab,0.3,-97.14
1984,Punjab,1,233.33
1984,Punjab,0.3,-70
1984,Punjab,0.5,-99.44
1984,Punjab,89.4,44600
1984,Punjab,107.3,21360
1984,Punjab,0.2,-33.33
1984,Punjab,0.5,0
1984,Punjab,0.3,-99.72
1984,Telangana,0.2,-98.33
1984,Telangana,0.4,100
1984,Telangana,0.1,-75
1984,Telangana,1.7,-76.39
1984,Telangana,0.3,200
1984,Telangana,7.2,2300
1984,Telangana,12,11900
1984,Telangana,0.5,-70.59
1985,Gujarat,14.7,-11.45
1985,Gujarat,8.7,-40.82
1985,Gujarat,9.8,12.64
1985,Gujarat,4.3,-56.12
1985,Gujarat,6,39.53
1985,Gujarat,21.3,255
1985,Gujarat,41.8,96.24
1985,Gujarat,15,-64.11
1985,Gujarat,25.3,68.67
1985,Gujarat,10.6,-58.1
1985,Gujarat,8.3,-21.7
1985,Gujarat,41.3,397.59
1985,Gujarat,62.9,52.3
1985,Gujarat,9.8,-84.42
1985,Gujarat,3.4,-65.31
1985,Gujarat,54.6,1505.88
1985,Haryana,113.4,56600
1985,Haryana,2.2,-63.93
1985,Haryana,1.9,-13.64
1985,Haryana,0.2,-89.47
1985,Haryana,0.5,-99.56
1985,Haryana,1.6,-77.14
1985,Haryana,7,1300
1985,Maharashtra,0.8,-93.1
1985,Maharashtra,11.6,11500
1985,Maharashtra,0.1,-99.77
1985,Maharashtra,2.8,-89.78
1985,Maharashtra,3.7,362.5
1985,Maharashtra,29,935.71
1985,Maharashtra,26.2,-47.7
1985,Maharashtra,0.2,-33.33
1985,Maharashtra,6.3,-80.19
1985,Maharashtra,31.8,15800
1985,Maharashtra,0.3,-98.85
1985,Maharashtra,50.1,72.76
1985,Maharashtra,8.3,2666.67
1985,Maharashtra,0.3,-96.39
1985,Maharashtra,27.4,640.54
1985,Maharashtra,0.8,700
1985,Maharashtra,36.1,4412.5
1985,Maharashtra,21.9,-39.34
1985,Maharashtra,35.9,63.93
1985,Maharashtra,0.7,-98.05
1985,Maharashtra,44.2,6214.29
1985,Punjab,1.4,16.67
1985,Punjab,0.5,-58.33
1985,Punjab,1.2,140
1985,Punjab,13.6,4433.33
1985,Punjab,1.2,300
1985,Punjab,0.3,-97.79
1985,Punjab,0.3,-99.69
1985,Punjab,96.5,32066.67
1985,Punjab,0.3,-99.76
1985,Punjab,123,24500
1985,Telangana,13.3,850
1985,Telangana,11.8,-11.28
1985,Telangana,0.1,-93.75
1985,Telangana,0.6,-94.92
1985,Telangana,1,900
1985,Telangana,1.4,16.67
1985,Telangana,0.1,-80
1985,Telangana,1.2,20
1985,Telangana,1.6,166.67
1986,Gujarat,6,-89.01
1986,Gujarat,7,6.06
1986,Gujarat,6.6,120
1986,Gujarat,3,-83.33
1986,Gujarat,18,80
1986,Gujarat,10,112.77
1986,Gujarat,4.7,147.37
1986,Gujarat,1.9,-91.74
1986,Gujarat,23,-34.29
1986,Gujarat,35,548.15
1986,Gujarat,5.4,-40
1986,Gujarat,9,-50
1986,Gujarat,18,350
1986,Gujarat,4,-59.6
1986,Gujarat,9.9,-60.4
1986,Gujarat,25,316.67
1986,Haryana,2.7,1250
1986,Haryana,0.2,-99.86
1986,Haryana,7.7,185.19
1986,Haryana,1,-37.5
1986,Haryana,2.2,120
1986,Haryana,139.5,6240.91
1986,Maharashtra,18,17900
1986,Maharashtra,26,225
1986,Maharashtra,0.5,-98.08
1986,Maharashtra,12,9.09
1986,Maharashtra,0.1,-80
1986,Maharashtra,0.3,200
1986,Maharashtra,0.5,0
1986,Maharashtra,9,2900
1986,Maharashtra,0.3,-95.24
1986,Maharashtra,15,4900
1986,Maharashtra,15,0
1986,Maharashtra,2,-86.67
1986,Maharashtra,17,750
1986,Maharashtra,11,-35.29
1986,Maharashtra,0.5,-95.83
1986,Maharashtra,6,1100
1986,Maharashtra,0.1,-98.33
1986,Maharashtra,8,-55.56
1986,Maharashtra,4,-50
1986,Maharashtra,8,100
1986,Punjab,1.2,-14.29
1986,Punjab,0.3,-75
1986,Punjab,20.4,6700
1986,Punjab,114.3,460.29
1986,Punjab,1.7,-98.51
1986,Punjab,0.7,133.33
1986,Punjab,0.3,-57.14
1986,Punjab,0.3,-82.35
1986,Punjab,148.2,49300
1986,Telangana,1,400
1986,Telangana,0.1,-90
1986,Telangana,0.2,-80
1986,Telangana,15,14900
1986,Telangana,1,-93.33
1986,Telangana,6,500
1986,Telangana,0.3,-95
1986,Telangana,1,233.33
1986,Telangana,1,0
1987,Gujarat,1,900
1987,Gujarat,0.1,-98
1987,Gujarat,3.8,280
1987,Gujarat,5,28.21
1987,Gujarat,4,-42.86
1987,Gujarat,3.9,-2.5
1987,Gujarat,7,775
1987,Gujarat,5.4,440
1987,Gujarat,2,-62.96
1987,Gujarat,0.8,0
1987,Gujarat,0.8,-84.91
1987,Gujarat,1,-73.68
1987,Gujarat,5.3,-24.29
1987,Gujarat,14,600
1987,Gujarat,1,-92.86
1987,Haryana,0.3,-96.1
1987,Haryana,1.2,33.33
1987,Haryana,0.9,-86.15
1987,Haryana,6.5,242.11
1987,Haryana,1.9,533.33
1987,Haryana,106.5,8775
1987,Haryana,0.2,-99.81
1987,Maharashtra,15,400
1987,Maharashtra,1,900
1987,Maharashtra,6,500
1987,Maharashtra,20,233.33
1987,Maharashtra,23,15
1987,Maharashtra,3,-86.96
1987,Maharashtra,26,-36.59
1987,Maharashtra,0.1,-99.44
1987,Maharashtra,27,13400
1987,Maharashtra,0.2,-96.67
1987,Maharashtra,6,2900
1987,Maharashtra,5,4900
1987,Maharashtra,18,350
1987,Maharashtra,4,-55.56
1987,Maharashtra,0.2,-96
1987,Maharashtra,0.1,-99.6
1987,Maharashtra,41,173.33
1987,Maharashtra,35,29.63
1987,Maharashtra,25,-28.57
1987,Punjab,0.3,-99.8
1987,Punjab,27.5,9066.67
1987,Punjab,0.3,0
1987,Punjab,0.3,-99.76
1987,Punjab,3.4,183.33
1987,Punjab,1.2,-95.64
1987,Punjab,123.6,3535.29
1987,Punjab,158.8,52833.33
1987,Telangana,2,233.33
1987,Telangana,0.6,-94
1987,Telangana,10,400
1987,Telangana,2,566.67
1987,Telangana,0.3,-97.86
1987,Telangana,14,1300
1987,Telangana,1,0
1987,Telangana,1,-75
1987,Telangana,4,3900
1988,Gujarat,4.7,370
1988,Gujarat,18.6,295.74
1988,Gujarat,21.5,15.59
1988,Gujarat,36.7,70.7
1988,Gujarat,5.6,-84.74
1988,Gujarat,11.6,107.14
1988,Gujarat,12.1,4.31
1988,Gujarat,6.8,-43.8
1988,Gujarat,4.1,-39.71
1988,Gujarat,24.4,495.12
1988,Gujarat,40.9,67.62
1988,Gujarat,27.2,-33.5
1988,Gujarat,4.3,-4.44
1988,Gujarat,11.4,165.12
1988,Gujarat,15.2,33.33
1988,Gujarat,4.5,-83.46
1988,Haryana,0.2,-92.59
1988,Haryana,2.3,-76.29
1988,Haryana,2.7,17.39
1988,Haryana,9.7,-92.36
1988,Haryana,1.5,650
1988,Haryana,0.2,0
1988,Haryana,127,63400
1988,Maharashtra,19.9,1.53
1988,Maharashtra,19.6,19500
1988,Maharashtra,0.1,-99.52
1988,Maharashtra,3.5,45.83
1988,Maharashtra,19,131.71
1988,Maharashtra,8.2,1540
1988,Maharashtra,0.5,150
1988,Maharashtra,20.9,10
1988,Maharashtra,0.2,-99.23
1988,Maharashtra,27.3,250
1988,Maharashtra,7.8,-68.29
1988,Maharashtra,30.3,10.99
1988,Maharashtra,13.7,-54.79
1988,Maharashtra,0.3,-97.81
1988,Maharashtra,11.2,3633.33
1988,Maharashtra,2.4,-78.57
1988,Maharashtra,24.6,12200
1988,Maharashtra,0.2,-99.13
1988,Maharashtra,23.1,2787.5
1988,Maharashtra,0.8,-95.98
1988,Punjab,1.5,-99.03
1988,Punjab,42.2,-71.73
1988,Punjab,0.9,-97.87
1988,Punjab,7.7,755.56
1988,Punjab,3.2,-58.44
1988,Punjab,149.3,-5.98
1988,Punjab,155,51566.67
1988,Punjab,0.3,-90.63
1988,Telangana,1.9,171.43
1988,Telangana,1.2,-79.31
1988,Telangana,5.8,163.64
1988,Telangana,2.2,633.33
1988,Telangana,0.3,-57.14
1988,Telangana,0.7,-65
1988,Telangana,0.7,-41.67
1988,Telangana,1.4,-85.11
1988,Telangana,9.4,394.74
1989,Gujarat,16.4,-60.77
1989,Gujarat,4.9,-70.12
1989,Gujarat,7,42.86
1989,Gujarat,10.6,51.43
1989,Gujarat,44,315.09
1989,Gujarat,31.7,-27.95
1989,Gujarat,13.8,200
1989,Gujarat,8.8,175
1989,Gujarat,4.6,-85.49
1989,Gujarat,3.2,-50
1989,Gujarat,6.4,-43.86
1989,Gujarat,41.8,175
1989,Gujarat,4.7,-85.71
1989,Gujarat,32.9,-41.56
1989,Gujarat,56.3,307.97
1989,Gujarat,11.4,142.55
1989,Haryana,3.3,1000
1989,Haryana,0.3,-81.25
1989,Haryana,1.6,6.67
1989,Haryana,4.9,-68.18
1989,Haryana,15.4,-91.46
1989,Haryana,180.3,5363.64
1989,Maharashtra,3,650
1989,Maharashtra,27.2,491.3
1989,Maharashtra,4.6,-86.27
1989,Maharashtra,33.5,280.68
1989,Maharashtra,8.8,2833.33
1989,Maharashtra,0.3,-97
1989,Maharashtra,10,9900
1989,Maharashtra,0.1,-97.14
1989,Maharashtra,30.3,10000
1989,Maharashtra,0.3,-90
1989,Maharashtra,47.5,74.63
1989,Maharashtra,50.6,6.53
1989,Maharashtra,9.2,-81.82
1989,Maharashtra,0.4,-95.65
1989,Maharashtra,38,9400
1989,Maharashtra,44,15.79
1989,Maharashtra,34.6,-21.36
1989,Maharashtra,32.9,-4.91
1989,Maharashtra,0.4,-98.78
1989,Punjab,196.8,39260
1989,Punjab,0.5,-98.52
1989,Punjab,3.9,680
1989,Punjab,33.7,-81.31
1989,Punjab,180.3,12778.57
1989,Punjab,1.4,180
1989,Punjab,0.5,-66.67
1989,Punjab,0.5,-99.75
1989,Telangana,2.6,271.43
1989,Telangana,2.9,-47.27
1989,Telangana,0.7,-56.25
1989,Telangana,1.6,-79.75
1989,Telangana,7.9,-42.75
1989,Telangana,13.8,375.86
1989,Telangana,5.5,-67.84
1989,Telangana,17.1,1121.43
1989,Telangana,4.8,84.62
1990,Gujarat,5.53,-37.16
1990,Gujarat,16.5,198.37
1990,Gujarat,9.64,-41.58
1990,Gujarat,33.51,247.61
1990,Gujarat,2.38,-92.9
1990,Gujarat,26.32,1005.88
1990,Gujarat,7.82,-70.29
1990,Gujarat,7.26,-7.16
1990,Gujarat,4.79,-34.02
1990,Gujarat,8.48,77.04
1990,Gujarat,31.69,273.7
1990,Gujarat,31.26,-1.36
1990,Gujarat,57.49,83.91
1990,Gujarat,4.28,-55.74
1990,Gujarat,3.62,-15.42
1990,Gujarat,9.67,-83.18
1990,Haryana,177.21,3516.53
1990,Haryana,3.06,80
1990,Haryana,1.7,-84.62
1990,Haryana,11.05,6400
1990,Haryana,0.17,-94.62
1990,Haryana,3.16,-98.22
1990,Maharashtra,28.88,-32.9
1990,Maharashtra,1.75,-95.95
1990,Maharashtra,7.92,352.57
1990,Maharashtra,0.43,-94.57
1990,Maharashtra,43.04,9909.3
1990,Maharashtra,21.06,131.17
1990,Maharashtra,9.16,-68.28
1990,Maharashtra,0.53,-98.25
1990,Maharashtra,32.45,162150
1990,Maharashtra,22.22,-31.53
1990,Maharashtra,0.48,-97.84
1990,Maharashtra,43.16,8891.67
1990,Maharashtra,0.02,-99.94
1990,Maharashtra,36.21,51628.57
1990,Maharashtra,0.07,-87.5
1990,Maharashtra,0.56,-97.34
1990,Maharashtra,9.11,-70.7
1990,Maharashtra,31.09,11414.81
1990,Maharashtra,0.27,-90.82
1990,Maharashtra,2.94,-89.29
1990,Maharashtra,27.44,5077.36
1990,Punjab,19.9,1742.59
1990,Punjab,0.2,-78.72
1990,Punjab,0.34,-99.8
1990,Punjab,168.71,4225.9
1990,Punjab,1.08,217.65
1990,Punjab,0.14,-99.3
1990,Punjab,159.94,114142.86
1990,Punjab,0.94,-99.41
1990,Telangana,5.11,-33.55
1990,Telangana,2.12,-55.83
1990,Telangana,15.47,1786.59
1990,Telangana,12.81,504.25
1990,Telangana,7.79,-39.19
1990,Telangana,7.69,-38.97
1990,Telangana,12.6,61.75
1990,Telangana,2.81,-45.01
1990,Telangana,0.82,-70.82
1991,Gujarat,3.32,-81.45
1991,Gujarat,13.72,101.17
1991,Gujarat,6.82,4.44
1991,Gujarat,6.53,-74.73
1991,Gujarat,25.84,1053.57
1991,Gujarat,2.24,-87.49
1991,Gujarat,17.9,204.42
1991,Gujarat,5.88,-52.62
1991,Gujarat,12.41,242.82
1991,Gujarat,3.62,32.12
1991,Gujarat,2.74,85.14
1991,Gujarat,1.48,-95.86
1991,Gujarat,35.79,28.37
1991,Gujarat,27.88,36.67
1991,Gujarat,17.9,30.47
1991,Gujarat,20.4,463.54
1991,Haryana,3.3,7.84
1991,Haryana,206.14,6146.67
1991,Haryana,2.04,-99.01
1991,Haryana,1.15,-43.63
1991,Haryana,15.34,1233.91
1991,Maharashtra,2.64,-79.13
1991,Maharashtra,0.12,-95.45
1991,Maharashtra,0.02,-83.33
1991,Maharashtra,6.92,-64.91
1991,Maharashtra,28.66,314.16
1991,Maharashtra,20.13,-29.76
1991,Maharashtra,15.52,-18.19
1991,Maharashtra,6.18,338.3
1991,Maharashtra,0.39,-93.69
1991,Maharashtra,0.15,-61.54
1991,Maharashtra,29.31,19440
1991,Maharashtra,1.41,-93
1991,Maharashtra,0.03,-99.9
1991,Maharashtra,13.98,52.62
1991,Maharashtra,0.56,-95.99
1991,Maharashtra,6.38,1039.29
1991,Maharashtra,12.65,98.28
1991,Maharashtra,18.97,55.62
1991,Maharashtra,19.72,98500
1991,Maharashtra,12.19,1898.36
1991,Maharashtra,0.61,1933.33
1991,Punjab,0.13,-55.17
1991,Punjab,0.76,-99.59
1991,Punjab,20.48,2594.74
1991,Punjab,202.67,889.6
1991,Punjab,0.85,553.85
1991,Punjab,0.1,-88.24
1991,Punjab,184.47,184370
1991,Punjab,0.29,45
1991,Telangana,15.74,282.04
1991,Telangana,4.12,24.47
1991,Telangana,3.31,-73.77
1991,Telangana,7.25,-49.09
1991,Telangana,14.24,-7.95
1991,Telangana,12.62,74.07
1991,Telangana,10.24,706.3
1991,Telangana,1.27,-45.02
1991,Telangana,2.31,-85.32
1992,Gujarat,9.72,-61.79
1992,Gujarat,3.11,-70.96
1992,Gujarat,4.13,-91.06
1992,Gujarat,46.21,-16.47
1992,Gujarat,1.99,-88.59
1992,Gujarat,24.12,626.51
1992,Gujarat,63.04,161.36
1992,Gujarat,10.71,159.32
1992,Gujarat,17.44,-72.34
1992,Gujarat,55.32,1379.14
1992,Gujarat,51.53,1556.91
1992,Gujarat,3.94,-92.35
1992,Gujarat,17.92,354.82
1992,Gujarat,12.63,-29.52
1992,Gujarat,3.74,-61.52
1992,Gujarat,25.44,1178.39
1992,Haryana,2.91,-81.03
1992,Haryana,213.16,12438.82
1992,Haryana,2.55,-98.8
1992,Haryana,1.7,-91.15
1992,Haryana,19.21,5550
1992,Haryana,0.34,-88.32
1992,Maharashtra,0.14,-99.1
1992,Maharashtra,43.15,215650
1992,Maharashtra,40.97,161.12
1992,Maharashtra,6.26,-70.47
1992,Maharashtra,21.2,91.86
1992,Maharashtra,22.73,75666.67
1992,Maharashtra,11.05,3150
1992,Maharashtra,0.34,-68.22
1992,Maharashtra,1.07,-97.77
1992,Maharashtra,47.97,1932.63
1992,Maharashtra,2.36,-91.28
1992,Maharashtra,0.03,-99.93
1992,Maharashtra,27.06,14142.11
1992,Maharashtra,34.26,-16.38
1992,Maharashtra,0.19,-99.45
1992,Maharashtra,21.42,-5.76
1992,Maharashtra,15.69,3465.91
1992,Maharashtra,0.02,-99.67
1992,Maharashtra,6,-4.15
1992,Maharashtra,0.44,-91.13
1992,Maharashtra,4.96,3442.86
1992,Punjab,186.93,30050
1992,Punjab,26.06,2089.92
1992,Punjab,0.11,-99.58
1992,Punjab,182.64,-9.88
1992,Punjab,1.19,-99.36
1992,Punjab,1.59,-99.13
1992,Punjab,0.62,-61.01
1992,Telangana,6.57,49.66
1992,Telangana,4.39,-57.13
1992,Telangana,9.81,92.73
1992,Telangana,10.16,-21
1992,Telangana,19.74,662.16
1992,Telangana,2.59,-74.51
1992,Telangana,5.09,157.07
1992,Telangana,1.98,-89.97
1992,Telangana,12.86,95.74
1993,Gujarat,23.8,85.36
1993,Gujarat,4.32,-81.85
1993,Gujarat,2.28,-47.22
1993,Gujarat,21.49,842.54
1993,Gujarat,39.53,83.95
1993,Gujarat,8.08,-79.56
1993,Gujarat,4.44,-54.41
1993,Gujarat,22.61,409.23
1993,Gujarat,3.66,-83.81
1993,Gujarat,9.74,20.54
1993,Gujarat,30.96,145.13
1993,Gujarat,7.14,-76.94
1993,Gujarat,69.07,867.37
1993,Gujarat,35.28,-48.92
1993,Gujarat,12.84,-63.61
1993,Gujarat,2.11,-42.35
1993,Haryana,3.72,-76.12
1993,Haryana,15.58,-90.67
1993,Haryana,166.96,6447.45
1993,Haryana,3.23,127.46
1993,Haryana,1.42,735.29
1993,Haryana,0.17,-95.43
1993,Maharashtra,0.19,-97.53
1993,Maharashtra,63.99,71000
1993,Maharashtra,3.93,-93.86
1993,Maharashtra,24.4,520.87
1993,Maharashtra,6.24,1735.29
1993,Maharashtra,10.85,-55.53
1993,Maharashtra,64.53,494.75
1993,Maharashtra,51.9,-19.57
1993,Maharashtra,43.4,-16.38
1993,Maharashtra,0.17,-97.28
1993,Maharashtra,70.4,62.21
1993,Maharashtra,24.45,-65.27
1993,Maharashtra,0.09,-99.58
1993,Maharashtra,7.7,-68.51
1993,Maharashtra,27.73,16211.76
1993,Maharashtra,0.02,-89.47
1993,Maharashtra,0.53,2550
1993,Maharashtra,9.42,1677.36
1993,Maharashtra,36.07,282.91
1993,Maharashtra,0.34,-99.06
1993,Punjab,1.13,61.43
1993,Punjab,0.7,-89.54
1993,Punjab,124.13,10884.96
1993,Punjab,125.56,1.15
1993,Punjab,6.69,5981.82
1993,Telangana,13.6,344.44
1993,Telangana,5.1,-68.75
1993,Telangana,3.4,-65.34
1993,Telangana,8.67,155
1993,Telangana,24.82,186.27
1993,Telangana,6.8,-72.6
1993,Telangana,3.06,-55
1993,Telangana,2.38,-82.5
1993,Telangana,16.32,585.71
1994,Haryana,4.08,166.67
1994,Haryana,17.85,337.5
1994,Haryana,0.34,-92.02
1994,Haryana,1.53,350
1994,Haryana,205.01,6247.06
1994,Haryana,4.26,-97.92
1994,Maharashtra,27.01,106.66
1994,Maharashtra,0.43,-98.5
1994,Maharashtra,4.25,-91.81
1994,Maharashtra,51.92,21.14
1994,Maharashtra,42.86,47.44
1994,Maharashtra,29.07,6660.47
1994,Maharashtra,41.65,138733.33
1994,Maharashtra,28.76,1622.16
1994,Maharashtra,1.67,-75.94
1994,Maharashtra,6.94,-84.27
1994,Maharashtra,44.13,31421.43
1994,Maharashtra,0.14,-98.43
1994,Maharashtra,8.94,-78.54
1994,Maharashtra,0.63,-97.67
1994,Maharashtra,0.94,49.21
1994,Maharashtra,58.74,6148.94
1994,Maharashtra,0.03,-99.95
1994,Maharashtra,0.27,-99.03
1994,Maharashtra,6.55,2325.93
1994,Maharashtra,33.33,408.85
1994,Maharashtra,13.07,-60.79
1994,Punjab,0.86,-99.41
1994,Punjab,2.22,-98.23
1994,Punjab,143.49,6363.51
1994,Punjab,0.02,-99.99
1994,Punjab,145.94,729600
1994,Punjab,10.73,1147.67
1994,Telangana,22.44,46.67
1994,Telangana,15.3,291.3
1994,Telangana,3.91,-23.33
1994,Telangana,5.95,-73.48
1994,Telangana,5.95,0
1994,Telangana,18.87,217.14
1994,Telangana,7.99,-57.66
1994,Telangana,4.42,-81.29
1994,Telangana,23.63,195.74
1995,Gujarat,55.15,-15.87
1995,Gujarat,35.31,-35.97
1995,Gujarat,69.51,293.16
1995,Gujarat,17.54,-74.77
1995,Gujarat,65.55,3006.64
1995,Gujarat,26.23,49.54
1995,Gujarat,17.68,-49.93
1995,Gujarat,4.56,87.65
1995,Gujarat,2.43,-88.54
1995,Gujarat,21.2,469.89
1995,Gujarat,10.39,-60.39
1995,Gujarat,3.72,-86.01
1995,Gujarat,26.59,45.62
1995,Gujarat,18.26,673.73
1995,Gujarat,2.36,-92.8
1995,Gujarat,32.79,215.59
1995,Haryana,202.63,1035.18
1995,Haryana,0.17,-75.71
1995,Haryana,9.33,102.39
1995,Haryana,4.61,-11.85
1995,Haryana,5.23,2976.47
1995,Haryana,0.7,-99.65
1995,Maharashtra,62.61,5.71
1995,Maharashtra,0.94,-98.5
1995,Maharashtra,30.77,3173.4
1995,Maharashtra,1.05,-96.59
1995,Maharashtra,10.32,-15.69
1995,Maharashtra,32.66,216.47
1995,Maharashtra,31.64,2913.33
1995,Maharashtra,53.43,68.87
1995,Maharashtra,0.27,-93.65
1995,Maharashtra,42.55,13196.88
1995,Maharashtra,0.32,-99.4
1995,Maharashtra,12.24,40700
1995,Maharashtra,31.48,104833.33
1995,Maharashtra,75.72,140.53
1995,Maharashtra,0.03,-99.96
1995,Maharashtra,59.23,81.35
1995,Maharashtra,0.03,-99.36
1995,Maharashtra,4.66,291.6
1995,Maharashtra,1.19,-91.25
1995,Maharashtra,13.6,22.41
1995,Maharashtra,11.11,4014.81
1995,Punjab,1.38,-94.73
1995,Punjab,0.52,-95.15
1995,Punjab,0.98,88.46
1995,Punjab,26.21,2574.49
1995,Punjab,135.11,9690.58
1995,Punjab,0.14,-99.9
1995,Punjab,125.06,89228.57
1995,Telangana,5.44,23.08
1995,Telangana,23.63,334.37
1995,Telangana,6.46,-22.45
1995,Telangana,13.77,113.16
1995,Telangana,30.26,79.8
1995,Telangana,16.83,209.37
1995,Telangana,13.09,-4.94
1995,Telangana,5.44,-58.44
1995,Telangana,8.33,-64.75
1996,Gujarat,12.87,164.81
1996,Gujarat,30.65,138.15
1996,Gujarat,51.12,66.79
1996,Gujarat,84.05,64.42
1996,Gujarat,48.03,-42.86
1996,Gujarat,81.16,386.28
1996,Gujarat,10.8,-86.69
1996,Gujarat,2.57,-76.2
1996,Gujarat,6.7,160.7
1996,Gujarat,33.61,401.64
1996,Gujarat,4.86,6.58
1996,Gujarat,5.63,-84.77
1996,Gujarat,23.53,317.94
1996,Gujarat,2.6,-88.95
1996,Gujarat,36.96,9.97
1996,Gujarat,16.69,-65.25
1996,Haryana,12.92,149.9
1996,Haryana,19.11,47.91
1996,Haryana,217.53,2231.51
1996,Haryana,1.12,-99.49
1996,Haryana,0.34,-69.64
1996,Haryana,5.17,1420.59
1996,Maharashtra,31.23,-52.88
1996,Maharashtra,73.64,11229.23
1996,Maharashtra,14.98,-79.66
1996,Maharashtra,1.21,-98.41
1996,Maharashtra,1.11,-91.16
1996,Maharashtra,41.23,82360
1996,Maharashtra,0.05,-95.5
1996,Maharashtra,0.05,-99.88
1996,Maharashtra,0.78,1460
1996,Maharashtra,11.48,1371.79
1996,Maharashtra,42.04,266.2
1996,Maharashtra,66.28,57.66
1996,Maharashtra,1.43,-96.53
1996,Maharashtra,76.08,5220.28
1996,Maharashtra,0.65,-46.28
1996,Maharashtra,12.56,-75.76
1996,Maharashtra,51.82,877.74
1996,Maharashtra,5.3,-53.3
1996,Maharashtra,11.35,-80.62
1996,Maharashtra,58.57,79.99
1996,Maharashtra,32.54,4.19
1996,Punjab,1.94,-32.4
1996,Punjab,0.47,-93.38
1996,Punjab,7.1,2266.67
1996,Punjab,0.3,-99.76
1996,Punjab,2.87,510.64
1996,Punjab,154.92,3.39
1996,Punjab,149.84,7623.71
1996,Telangana,24.82,89.61
1996,Telangana,18.19,245.16
1996,Telangana,13.09,156.67
1996,Telangana,5.1,-47.37
1996,Telangana,9.69,-74.32
1996,Telangana,37.74,24.72
1996,Telangana,5.27,-80.62
1996,Telangana,6.12,-66.36
1996,Telangana,27.2,9.59
1997,Gujarat,3.26,25.38
1997,Gujarat,39,-5.87
1997,Gujarat,5.75,-85.26
1997,Gujarat,115.86,1914.96
1997,Gujarat,34.39,-70.32
1997,Gujarat,92.5,168.97
1997,Gujarat,4.27,-95.38
1997,Gujarat,20.74,385.71
1997,Gujarat,22.95,10.66
1997,Gujarat,2.21,-90.37
1997,Gujarat,45.76,1970.59
1997,Gujarat,16.98,-62.89
1997,Gujarat,27.01,59.07
1997,Gujarat,15.33,-83.6
1997,Gujarat,93.45,245.98
1997,Gujarat,41.43,1170.86
1997,Haryana,161.39,821.18
1997,Haryana,6.5,-95.97
1997,Haryana,0.84,-95.6
1997,Haryana,17.52,803.09
1997,Haryana,1.94,130.95
1997,Maharashtra,2.59,30.15
1997,Maharashtra,34.02,1213.51
1997,Maharashtra,15.83,-23.23
1997,Maharashtra,53.24,56.5
1997,Maharashtra,20.18,27.48
1997,Maharashtra,4.81,-76.16
1997,Maharashtra,0.92,-80.87
1997,Maharashtra,30.69,3235.87
1997,Maharashtra,14.79,-51.81
1997,Maharashtra,1.28,-91.35
1997,Maharashtra,1.62,26.56
1997,Maharashtra,5.49,-39.27
1997,Maharashtra,0.92,-43.21
1997,Maharashtra,0.03,-96.74
1997,Maharashtra,1.99,6533.33
1997,Maharashtra,9.04,-20.77
1997,Maharashtra,27.47,-12.66
1997,Maharashtra,0.1,-98.18
1997,Maharashtra,31.45,31350
1997,Maharashtra,11.41,-78.57
1997,Maharashtra,20.62,37.65
1997,Punjab,0.79,-98.73
1997,Punjab,0.29,-99.81
1997,Punjab,9.26,-89.24
1997,Punjab,86.08,29582.76
1997,Punjab,0.1,-75
1997,Punjab,62.21,62110
1997,Punjab,0.4,-95.68
1997,Telangana,2.21,-87.74
1997,Telangana,22.44,100
1997,Telangana,11.22,1.54
1997,Telangana,11.05,25
1997,Telangana,18.02,-19.7
1997,Telangana,8.84,188.89
1997,Telangana,15.13,147.22
1997,Telangana,3.06,-18.18
1997,Telangana,3.74,-75.28
1998,Gujarat,2.47,-92.47
1998,Gujarat,2.74,10.93
1998,Gujarat,103.79,3687.96
1998,Gujarat,34.66,-66.61
1998,Gujarat,29.16,-15.87
1998,Gujarat,32.15,-43.78
1998,Gujarat,57.19,96.12
1998,Gujarat,32.79,113.89
1998,Gujarat,7.91,-85.51
1998,Gujarat,54.58,119.02
1998,Gujarat,24.92,-54.38
1998,Gujarat,54.62,1001.21
1998,Gujarat,4.96,-94.29
1998,Gujarat,86.87,517.85
1998,Gujarat,14.06,-89.79
1998,Gujarat,137.77,328.52
1998,Haryana,11.42,8057.14
1998,Haryana,0.14,-95.97
1998,Haryana,3.47,-46.62
1998,Haryana,126.97,1011.82
1998,Haryana,6.59,-94.81
1998,Maharashtra,0.09,-99.84
1998,Maharashtra,35.46,39300
1998,Maharashtra,39.47,11.31
1998,Maharashtra,4.86,-89.86
1998,Maharashtra,0.75,-95.97
1998,Maharashtra,47.91,1317.46
1998,Maharashtra,34.43,101.94
1998,Maharashtra,17.05,1369.83
1998,Maharashtra,0.9,20
1998,Maharashtra,1.16,5700
1998,Maharashtra,18.62,147.28
1998,Maharashtra,7.53,54.94
1998,Maharashtra,0.02,-99.98
1998,Maharashtra,83.22,600.51
1998,Maharashtra,3.38,-91.44
1998,Maharashtra,11.88,-51.09
1998,Maharashtra,24.29,56.31
1998,Maharashtra,1.38,53.33
1998,Maharashtra,41.23,50.09
1998,Maharashtra,15.54,1026.09
1998,Maharashtra,54.69,32.65
1998,Punjab,0.2,-74.68
1998,Punjab,48.32,7821.31
1998,Punjab,0.32,60
1998,Punjab,46.98,14581.25
1998,Punjab,4.68,-90.04
1998,Punjab,0.61,-86.97
1998,Telangana,4.25,92.31
1998,Telangana,13.09,208
1998,Telangana,50.32,284.42
1998,Telangana,4.93,-90.2
1998,Telangana,21.93,344.83
1998,Telangana,5.44,-75.19
1998,Telangana,26.18,381.25
1998,Telangana,33.32,27.27
1998,Telangana,24.31,-27.04
1999,Gujarat,20.67,8.28
1999,Gujarat,1.24,-98.27
1999,Gujarat,71.88,143.17
1999,Gujarat,48.13,508.47
1999,Gujarat,2.02,62.9
1999,Gujarat,37.67,-21.73
1999,Gujarat,2.92,-92.25
1999,Gujarat,29.56,912.33
1999,Gujarat,7.68,280.2
1999,Gujarat,12.07,57.16
1999,Gujarat,40.07,231.98
1999,Gujarat,45.7,218.91
1999,Gujarat,9.4,-79.43
1999,Gujarat,2.31,-88.82
1999,Gujarat,14.33,-64.24
1999,Gujarat,19.09,103.09
1999,Haryana,14,112.44
1999,Haryana,0.28,-96.34
1999,Haryana,3.98,1321.43
1999,Haryana,195.78,4819.1
1999,Haryana,7.65,-45.36
1999,Maharashtra,17.71,973.33
1999,Maharashtra,76.52,332.07
1999,Maharashtra,30.18,-60.56
1999,Maharashtra,13.28,-56
1999,Maharashtra,44.95,238.48
1999,Maharashtra,3.47,-92.28
1999,Maharashtra,42.45,1123.34
1999,Maharashtra,57.85,36.28
1999,Maharashtra,3.77,1470.83
1999,Maharashtra,0.24,-99.3
1999,Maharashtra,10.38,175.33
1999,Maharashtra,29.75,186.61
1999,Maharashtra,40.14,34.92
1999,Maharashtra,2.14,-94.67
1999,Maharashtra,39.68,1754.21
1999,Maharashtra,1.7,-95.72
1999,Maharashtra,14.79,770
1999,Maharashtra,0.02,-99.86
1999,Maharashtra,79.49,397350
1999,Maharashtra,1.26,-98.41
1999,Maharashtra,1.65,30.95
1999,Punjab,6.12,3500
1999,Punjab,0.17,-99.65
1999,Punjab,70.49,20632.35
1999,Punjab,0.34,-99.6
1999,Punjab,84.04,24617.65
1999,Punjab,0.34,-94.44
1999,Telangana,51.26,1312.12
1999,Telangana,3.63,-46.22
1999,Telangana,30.07,-14.48
1999,Telangana,35.16,99.89
1999,Telangana,17.59,-25.69
1999,Telangana,23.67,-53.82
1999,Telangana,6.75,63.44
1999,Telangana,4.13,27.08
1999,Telangana,3.25,-86.63
2000,Gujarat,0.75,-97.95
2000,Gujarat,7.68,924
2000,Gujarat,21.11,174.87
2000,Gujarat,22.14,4.88
2000,Gujarat,1.31,24.76
2000,Gujarat,1.05,-91.06
2000,Gujarat,11.75,-2.25
2000,Gujarat,3.55,-83.97
2000,Gujarat,12.02,2.56
2000,Gujarat,11.72,59.67
2000,Gujarat,7.34,-64.9
2000,Gujarat,20.91,463.61
2000,Gujarat,19.45,447.89
2000,Gujarat,36.64,21.65
2000,Gujarat,30.12,1203.9
2000,Gujarat,3.71,-80.93
2000,Haryana,0.28,-99.86
2000,Haryana,3.34,-74.6
2000,Haryana,6.45,-96.96
2000,Haryana,211.89,75575
2000,Haryana,13.15,103.88
2000,Maharashtra,1.11,5450
2000,Maharashtra,35.54,40.53
2000,Maharashtra,25.29,-47.08
2000,Maharashtra,47.79,87.78
2000,Maharashtra,25.45,4.65
2000,Maharashtra,24.32,1251.11
2000,Maharashtra,1.8,-70.92
2000,Maharashtra,27.1,91.11
2000,Maharashtra,6.19,225.79
2000,Maharashtra,1.9,-96.72
2000,Maharashtra,0.02,-99.44
2000,Maharashtra,10.73,-60.41
2000,Maharashtra,40.49,277.35
2000,Maharashtra,0.97,-12.61
2000,Maharashtra,11.71,-67.05
2000,Maharashtra,3.54,-76.65
2000,Maharashtra,15.16,29.46
2000,Maharashtra,8.55,781.44
2000,Maharashtra,4.35,-49.12
2000,Maharashtra,0.27,-93.79
2000,Maharashtra,14.18,5151.85
2000,Punjab,101.51,19803.92
2000,Punjab,0.17,-97.62
2000,Punjab,93.65,-7.74
2000,Punjab,0.17,0
2000,Punjab,0.17,-99.76
2000,Punjab,0.51,200
2000,Punjab,7.14,-92.38
2000,Telangana,14.76,-75.47
2000,Telangana,60.17,1974.83
2000,Telangana,2.9,-91.12
2000,Telangana,32.65,15.66
2000,Telangana,28.23,1132.75
2000,Telangana,17.78,429.17
2000,Telangana,2.29,-77.92
2000,Telangana,10.37,-65.51
2000,Telangana,3.36,-77.24
2001,Gujarat,1.21,-96.63
2001,Gujarat,12.89,965.29
2001,Gujarat,25.88,100.78
2001,Gujarat,7.67,-70.36
2001,Gujarat,23.46,1690.84
2001,Gujarat,2.94,-87.47
2001,Gujarat,1.46,-50.34
2001,Gujarat,1.41,-97.65
2001,Gujarat,24.57,192.5
2001,Gujarat,60.11,4017.12
2001,Gujarat,19.23,150.72
2001,Gujarat,16.29,1055.32
2001,Gujarat,20.19,23.94
2001,Gujarat,8.4,-58.4
2001,Gujarat,24.79,0.9
2001,Gujarat,35.9,44.82
2001,Haryana,5.24,-94.86
2001,Haryana,101.97,2952.99
2001,Haryana,13.12,475.44
2001,Haryana,2.28,1528.57
2001,Haryana,0.14,-97.33
2001,Maharashtra,2.6,409.8
2001,Maharashtra,28.07,-41.72
2001,Maharashtra,38.62,55071.43
2001,Maharashtra,33.63,175.43
2001,Maharashtra,12.21,-74.08
2001,Maharashtra,47.11,540.08
2001,Maharashtra,7.36,-45.76
2001,Maharashtra,0.51,-98.74
2001,Maharashtra,0.51,0
2001,Maharashtra,13.57,-51.66
2001,Maharashtra,23.15,3407.58
2001,Maharashtra,13.04,-43.67
2001,Maharashtra,2.84,-78.22
2001,Maharashtra,48.16,7926.67
2001,Maharashtra,0.6,-78.87
2001,Maharashtra,0.07,-99.79
2001,Maharashtra,85.83,122.24
2001,Maharashtra,51.95,-39.47
2001,Maharashtra,46.74,-10.03
2001,Maharashtra,0.02,-99.23
2001,Maharashtra,0.66,3200
2001,Punjab,0.68,-91.49
2001,Punjab,101.54,14832.35
2001,Punjab,0.51,-99.5
2001,Punjab,0.17,-66.67
2001,Punjab,0.17,0
2001,Punjab,111.13,65270.59
2001,Punjab,7.99,-92.81
2001,Telangana,35.46,170.07
2001,Telangana,17.48,241.41
2001,Telangana,5.12,-88.87
2001,Telangana,13.13,-75.44
2001,Telangana,17.63,0.86
2001,Telangana,45.99,29.7
2001,Telangana,4.21,-76.12
2001,Telangana,2.81,-84.2
2001,Telangana,53.47,1802.85
2002,Gujarat,42.08,118.82
2002,Gujarat,5.07,-87.95
2002,Gujarat,38.91,2378.34
2002,Gujarat,11.27,-71.04
2002,Gujarat,11.73,4.08
2002,Gujarat,26.56,126.43
2002,Gujarat,57.46,116.34
2002,Gujarat,2.3,-96
2002,Gujarat,2.75,19.57
2002,Gujarat,7.54,174.18
2002,Gujarat,5.22,-30.77
2002,Gujarat,27.05,418.2
2002,Gujarat,34.06,25.91
2002,Gujarat,11.26,-66.94
2002,Gujarat,35.46,214.92
2002,Gujarat,1.57,-69.03
2002,Haryana,157.7,1779.62
2002,Haryana,4.66,-97.05
2002,Haryana,5.43,16.52
2002,Haryana,0.28,-94.84
2002,Haryana,8.39,-36.05
2002,Maharashtra,50.52,56033.33
2002,Maharashtra,0.09,-99.81
2002,Maharashtra,1.28,128.57
2002,Maharashtra,21.98,-54.1
2002,Maharashtra,47.89,44.68
2002,Maharashtra,33.1,173.55
2002,Maharashtra,12.1,21.36
2002,Maharashtra,9.97,-87.47
2002,Maharashtra,79.59,740.44
2002,Maharashtra,9.47,571.63
2002,Maharashtra,1.41,101.43
2002,Maharashtra,0.7,-98.69
2002,Maharashtra,53.31,4342.5
2002,Maharashtra,1.2,-97.44
2002,Maharashtra,7.31,471.09
2002,Maharashtra,0.56,-50.88
2002,Maharashtra,1.14,-94.68
2002,Maharashtra,21.44,-48.25
2002,Maharashtra,41.43,207050
2002,Maharashtra,0.02,-99.96
2002,Maharashtra,46.84,540.77
2002,Punjab,0.34,100
2002,Punjab,98.06,1379.03
2002,Punjab,78.91,23108.82
2002,Punjab,0.17,0
2002,Punjab,0.17,-99.83
2002,Punjab,6.63,3800
2002,Punjab,0.17,-99.78
2002,Telangana,29.24,681.82
2002,Telangana,28.73,582.42
2002,Telangana,12.07,-57.99
2002,Telangana,11.39,-5.63
2002,Telangana,1.87,-83.58
2002,Telangana,3.74,100
2002,Telangana,19.89,-31.98
2002,Telangana,1.53,-92.31
2002,Telangana,9.86,544.44
2003,Gujarat,3.42,-93.64
2003,Gujarat,53.79,51.69
2003,Gujarat,3.06,-98.22
2003,Gujarat,18.29,-68.28
2003,Gujarat,57.66,676.04
2003,Gujarat,7.43,-68.81
2003,Gujarat,23.82,-44.84
2003,Gujarat,43.18,-8.01
2003,Gujarat,46.94,46.96
2003,Gujarat,31.94,943.79
2003,Gujarat,172.01,917.81
2003,Gujarat,16.9,-75.85
2003,Gujarat,69.97,1945.91
2003,Gujarat,1.68,-90.81
2003,Gujarat,30.36,1707.14
2003,Gujarat,104.13,242.98
2003,Haryana,19.02,6692.86
2003,Haryana,10.8,-43.22
2003,Haryana,0.7,-99.66
2003,Haryana,203.3,3685.85
2003,Haryana,5.37,-50.28
2003,Maharashtra,87.52,292.47
2003,Maharashtra,10.92,54500
2003,Maharashtra,22.3,2687.5
2003,Maharashtra,0.8,-97.68
2003,Maharashtra,0.02,-99.92
2003,Maharashtra,44.46,29540
2003,Maharashtra,19.62,-10.74
2003,Maharashtra,0.05,-99.89
2003,Maharashtra,0.15,0
2003,Maharashtra,0.15,-99.74
2003,Maharashtra,57.58,10.18
2003,Maharashtra,52.26,12.9
2003,Maharashtra,34.49,75.79
2003,Maharashtra,46.29,6.83
2003,Maharashtra,43.33,-33.33
2003,Maharashtra,64.99,6149.04
2003,Maharashtra,1.04,300
2003,Maharashtra,0.26,-85.31
2003,Maharashtra,1.77,-97.98
2003,Maharashtra,10.15,20200
2003,Maharashtra,25.48,151.03
2003,Punjab,0.51,50
2003,Punjab,126.03,7.19
2003,Punjab,6.63,3800
2003,Punjab,117.58,1673.45
2003,Punjab,0.17,-99.87
2003,Punjab,0.34,100
2003,Telangana,19.08,5.07
2003,Telangana,48.97,396.65
2003,Telangana,1.09,-97.77
2003,Telangana,6.13,462.39
2003,Telangana,9.76,59.22
2003,Telangana,18.16,86.07
2003,Telangana,2.26,-88.16
2003,Telangana,30,1227.43
2003,Telangana,47.44,58.13
2004,Gujarat,68.31,37.06
2004,Gujarat,76.48,-26.55
2004,Gujarat,25.04,-67.26
2004,Gujarat,13.72,-72.25
2004,Gujarat,49.84,99.04
2004,Gujarat,4.4,-93.56
2004,Gujarat,49.44,1023.64
2004,Gujarat,82.62,502.19
2004,Gujarat,165.92,100.82
2004,Gujarat,45.95,-72.31
2004,Gujarat,181.61,295.23
2004,Gujarat,3.06,-98.32
2004,Gujarat,43.64,1326.14
2004,Gujarat,20.69,-52.59
2004,Gujarat,6.97,-66.31
2004,Gujarat,87.7,1158.25
2004,Haryana,6.89,395.68
2004,Haryana,25.47,44.72
2004,Haryana,17.6,-94.16
2004,Haryana,1.39,-94.54
2004,Haryana,301.4,42957.14
2004,Maharashtra,25.38,84500
2004,Maharashtra,0.03,-99.83
2004,Maharashtra,17.73,-44.05
2004,Maharashtra,31.69,-4.35
2004,Maharashtra,33.13,33030
2004,Maharashtra,0.1,-97.06
2004,Maharashtra,38.57,11244.12
2004,Maharashtra,19.82,-81.09
2004,Maharashtra,104.82,2208.81
2004,Maharashtra,40.53,-49.24
2004,Maharashtra,3.4,-68.86
2004,Maharashtra,79.85,264.61
2004,Maharashtra,21.9,4.99
2004,Maharashtra,20.86,5.25
2004,Maharashtra,4.54,115.17
2004,Maharashtra,2.11,-74.42
2004,Maharashtra,8.25,-83.05
2004,Maharashtra,48.67,26.19
2004,Maharashtra,0.34,1033.33
2004,Maharashtra,0.03,-99.88
2004,Punjab,183.56,35892.16
2004,Punjab,11.05,2066.67
2004,Punjab,0.51,0
2004,Punjab,0.51,-99.68
2004,Punjab,159.33,1341.9
2004,Telangana,41.21,-13.13
2004,Telangana,40.21,-2.43
2004,Telangana,22.29,-44.57
2004,Telangana,21.22,-4.8
2004,Telangana,12.15,-42.74
2004,Telangana,5.96,-50.95
2004,Telangana,5.67,-4.87
2004,Telangana,1.5,-73.54
2004,Telangana,48.97,3164.67
2005,Gujarat,3.08,-78.39
2005,Gujarat,14.25,-72.24
2005,Gujarat,51.33,-34.91
2005,Gujarat,78.86,-10.08
2005,Gujarat,51.02,413.8
2005,Gujarat,9.93,-94.06
2005,Gujarat,167.16,-7.47
2005,Gujarat,180.66,3663.75
2005,Gujarat,4.8,-93.41
2005,Gujarat,72.83,207.56
2005,Gujarat,23.68,-56.65
2005,Gujarat,54.62,-35.03
2005,Gujarat,84.07,-62.95
2005,Gujarat,226.92,135.37
2005,Gujarat,96.41,98.42
2005,Gujarat,48.59,1477.6
2005,Haryana,1.25,-79.34
2005,Haryana,217.01,3049.64
2005,Haryana,8.82,-95.94
2005,Haryana,22.21,151.81
2005,Haryana,6.05,-72.76
2005,Maharashtra,37.89,77.89
2005,Maharashtra,14.91,-32.1
2005,Maharashtra,21.96,163.94
2005,Maharashtra,8.32,1039.73
2005,Maharashtra,0.73,-52.29
2005,Maharashtra,0.05,-87.8
2005,Maharashtra,1.53,-60.57
2005,Maharashtra,3.88,-92.23
2005,Maharashtra,49.94,-50.47
2005,Maharashtra,102.71,114.61
2005,Maharashtra,47.86,26.31
2005,Maharashtra,0.41,-98.99
2005,Maharashtra,0.02,-99.87
2005,Maharashtra,38.66,77220
2005,Maharashtra,16.8,-56.54
2005,Maharashtra,21.3,26.79
2005,Maharashtra,100.83,267.46
2005,Maharashtra,0.22,1000
2005,Maharashtra,27.44,366.67
2005,Maharashtra,35.89,-65.06
2005,Maharashtra,5.88,-83.62
2005,Punjab,0.53,-29.33
2005,Punjab,0.75,41.51
2005,Punjab,0.53,-95.15
2005,Punjab,10.92,-94.26
2005,Punjab,190.35,3.7
2005,Punjab,204.22,38432.08
2005,Telangana,45.75,105.53
2005,Telangana,22.26,-64.8
2005,Telangana,45.83,3060.69
2005,Telangana,7.01,-85.69
2005,Telangana,5.94,-15.26
2005,Telangana,1.45,-75.59
2005,Telangana,11.43,-75.06
2005,Telangana,37.43,227.47
2005,Telangana,63.23,68.93
2006,Gujarat,216.5,44.25
2006,Gujarat,70.6,-67.39
2006,Gujarat,150.09,336.82
2006,Gujarat,151.32,189.55
2006,Gujarat,52.26,251.68
2006,Gujarat,14.86,-75.29
2006,Gujarat,60.13,17.86
2006,Gujarat,3.06,-91.57
2006,Gujarat,34.36,-24.3
2006,Gujarat,45.39,1383.33
2006,Gujarat,2.64,-98.56
2006,Gujarat,9.28,251.52
2006,Gujarat,36.3,291.16
2006,Gujarat,183.01,-30.04
2006,Gujarat,261.6,449.23
2006,Gujarat,47.63,-68.52
2006,Haryana,1.12,-84.72
2006,Haryana,7.33,44.86
2006,Haryana,269.81,21484.8
2006,Haryana,5.06,-78.5
2006,Haryana,23.53,-91.28
2006,Maharashtra,8.33,-43.41
2006,Maharashtra,14.72,48966.67
2006,Maharashtra,0.03,-99.84
2006,Maharashtra,19.02,63300
2006,Maharashtra,0.03,-99.79
2006,Maharashtra,170.17,53078.12
2006,Maharashtra,14.28,-35.09
2006,Maharashtra,22,-73.71
2006,Maharashtra,83.67,-2.16
2006,Maharashtra,85.52,223.94
2006,Maharashtra,0.75,-40.48
2006,Maharashtra,136.71,62040.91
2006,Maharashtra,0.32,-99.77
2006,Maharashtra,72.71,-57.27
2006,Maharashtra,6.21,728
2006,Maharashtra,36.58,489.05
2006,Maharashtra,1.26,384.62
2006,Maharashtra,0.26,-99.64
2006,Maharashtra,26.4,-27.83
2006,Maharashtra,50.05,39.26
2006,Maharashtra,35.94,331.45
2006,Punjab,16.9,-92.59
2006,Punjab,1.53,-99.26
2006,Punjab,206.38,38839.62
2006,Punjab,0.53,-65.36
2006,Punjab,1.53,-90.95
2006,Punjab,228.21,11.75
2006,Telangana,8.74,-85.67
2006,Telangana,1.03,-89.63
2006,Telangana,37.96,37.14
2006,Telangana,27.68,216.7
2006,Telangana,60.99,43.88
2006,Telangana,42.39,1027.39
2006,Telangana,3.76,265.05
2006,Telangana,9.93,-83.81
2006,Telangana,61.32,34.03
2007,Gujarat,46.38,899.57
2007,Gujarat,41.04,-11.51
2007,Gujarat,55.95,36.33
2007,Gujarat,3.71,-93.37
2007,Gujarat,51.53,1288.95
2007,Gujarat,249.78,384.73
2007,Gujarat,51.32,-79.45
2007,Gujarat,77.55,51.11
2007,Gujarat,151.59,95.47
2007,Gujarat,12.43,-91.8
2007,Gujarat,14.82,-71.81
2007,Gujarat,4.64,-93.43
2007,Gujarat,252.84,78.24
2007,Gujarat,52.57,322.93
2007,Gujarat,141.85,-28.68
2007,Gujarat,198.88,1241.97
2007,Haryana,280.38,24933.93
2007,Haryana,28.26,-89.92
2007,Haryana,4.66,-83.51
2007,Haryana,5.66,21.46
2007,Haryana,0.98,-82.69
2007,Maharashtra,18.12,60300
2007,Maharashtra,1.07,-94.09
2007,Maharashtra,13.96,1204.67
2007,Maharashtra,1.41,-89.9
2007,Maharashtra,17.86,1166.67
2007,Maharashtra,0.03,-99.98
2007,Maharashtra,88.38,441800
2007,Maharashtra,46.41,-47.49
2007,Maharashtra,1.84,-96.04
2007,Maharashtra,60.03,3162.5
2007,Maharashtra,61.18,-62.06
2007,Maharashtra,138.66,177.04
2007,Maharashtra,227.62,279.18
2007,Maharashtra,49.1,-64.59
2007,Maharashtra,171.46,249.21
2007,Maharashtra,94.33,428.16
2007,Maharashtra,161.25,70.94
2007,Maharashtra,12.94,-78.85
2007,Maharashtra,0.51,-96.06
2007,Maharashtra,26.37,5070.59
2007,Maharashtra,0.02,-99.92
2007,Punjab,213.9,13880.39
2007,Punjab,2,-99.06
2007,Punjab,1.71,-14.5
2007,Punjab,157.94,558.36
2007,Punjab,0.67,-99.58
2007,Punjab,23.99,1302.92
2007,Telangana,2.62,-61.86
2007,Telangana,17.21,556.87
2007,Telangana,80.68,368.8
2007,Telangana,38.78,-51.93
2007,Telangana,109.25,187.8
2007,Telangana,76.8,-29.7
2007,Telangana,24.99,-67.46
2007,Telangana,64.47,157.98
2007,Telangana,6.87,-89.34
2008,Gujarat,19.48,-89.79
2008,Gujarat,58.06,224.9
2008,Gujarat,39.68,-31.66
2008,Gujarat,180.98,194.42
2008,Gujarat,61.47,-38.49
2008,Gujarat,99.94,3729.12
2008,Gujarat,2.61,-95.57
2008,Gujarat,17.87,-64.28
2008,Gujarat,58.89,-37.5
2008,Gujarat,94.23,383.73
2008,Gujarat,50.03,12.5
2008,Gujarat,44.47,-68.49
2008,Gujarat,141.15,-22.01
2008,Gujarat,3.28,-97.46
2008,Gujarat,190.84,5718.29
2008,Gujarat,129.34,-48.85
2008,Haryana,1.67,70.41
2008,Haryana,26.38,516.36
2008,Haryana,4.28,2.88
2008,Haryana,280.93,964.94
2008,Haryana,4.16,149.1
2008,Maharashtra,56.81,-20.89
2008,Maharashtra,71.81,27519.23
2008,Maharashtra,0.26,-99.79
2008,Maharashtra,121.01,403266.67
2008,Maharashtra,0.03,0
2008,Maharashtra,0.27,-98.3
2008,Maharashtra,15.86,11.3
2008,Maharashtra,14.25,1030.95
2008,Maharashtra,0.03,-99.99
2008,Maharashtra,1.26,-90.99
2008,Maharashtra,13.98,-89.46
2008,Maharashtra,132.62,331.71
2008,Maharashtra,30.72,-13.29
2008,Maharashtra,35.43,70760
2008,Maharashtra,0.05,-99.95
2008,Maharashtra,92.87,759.91
2008,Maharashtra,10.8,75.04
2008,Maharashtra,6.17,-80.38
2008,Maharashtra,31.45,-3.29
2008,Maharashtra,32.52,-76.72
2008,Maharashtra,139.71,145.93
2008,Punjab,157.23,21147.3
2008,Punjab,1.49,122.39
2008,Punjab,209.95,13990.6
2008,Punjab,18.1,-91.38
2008,Punjab,0.74,-95.91
2008,Punjab,0.74,0
2008,Telangana,97.03,1852.31
2008,Telangana,53.14,-45.23
2008,Telangana,8.21,-84.55
2008,Telangana,104.76,1176
2008,Telangana,17.52,-54.82
2008,Telangana,19.99,14.1
2008,Telangana,72.41,262.23
2008,Telangana,53.92,-25.54
2008,Telangana,4.97,-90.78
2009,Gujarat,74.55,13.33
2009,Gujarat,3.87,-94.81
2009,Gujarat,124.95,3128.68
2009,Gujarat,215.15,72.19
2009,Gujarat,18.28,-89.52
2009,Gujarat,50.58,-64.84
2009,Gujarat,46.85,-7.37
2009,Gujarat,65.78,4666.67
2009,Gujarat,54.86,188.74
2009,Gujarat,53.55,-2.39
2009,Gujarat,19,-59.45
2009,Gujarat,174.42,49.65
2009,Gujarat,94.52,138.21
2009,Gujarat,143.87,-33.13
2009,Gujarat,1.38,-92.45
2009,Gujarat,116.55,23.31
2009,Haryana,3.76,-98.66
2009,Haryana,291.46,1097.45
2009,Haryana,24.34,1357.49
2009,Haryana,1.67,-65.42
2009,Haryana,4.83,28.46
2009,Maharashtra,116.46,121.53
2009,Maharashtra,52.57,1.31
2009,Maharashtra,51.89,27210.53
2009,Maharashtra,0.19,-99.67
2009,Maharashtra,57.46,191433.33
2009,Maharashtra,0.03,-99.94
2009,Maharashtra,50.93,12632.5
2009,Maharashtra,0.4,-99.54
2009,Maharashtra,86.13,0.98
2009,Maharashtra,85.29,31488.89
2009,Maharashtra,0.3,-97.82
2009,Maharashtra,13.78,-35.21
2009,Maharashtra,21.27,80.71
2009,Maharashtra,11.77,-65.19
2009,Maharashtra,33.81,-46.91
2009,Maharashtra,63.68,3084
2009,Maharashtra,2,-94.04
2009,Maharashtra,33.53,-80.54
2009,Maharashtra,172.34,1039.81
2009,Maharashtra,15.12,-87.02
2009,Punjab,1.36,-99.14
2009,Punjab,131.15,9543.38
2009,Punjab,0.68,0
2009,Punjab,0.68,-96.26
2009,Punjab,18.19,-90.37
2009,Punjab,188.96,44.08
2009,Telangana,36.83,-64.84
2009,Telangana,6.06,-83.55
2009,Telangana,89.7,1380.2
2009,Telangana,51.05,-43.09
2009,Telangana,93.98,84.09
2009,Telangana,9.18,-90.23
2009,Telangana,78.42,754.25
2009,Telangana,25.52,-67.46
2009,Telangana,6.58,-74.22
2010,Gujarat,281.84,14206.6
2010,Gujarat,57.31,-48.82
2010,Gujarat,111.98,-60.27
2010,Gujarat,1.97,-96.66
2010,Gujarat,58.96,-75.64
2010,Gujarat,242.01,1153.94
2010,Gujarat,19.3,-85.12
2010,Gujarat,129.69,264.3
2010,Gujarat,35.6,1037.38
2010,Gujarat,3.13,-95.63
2010,Gujarat,71.6,23.88
2010,Gujarat,57.8,-70.24
2010,Gujarat,194.23,1045.22
2010,Gujarat,16.96,-84.92
2010,Gujarat,112.47,-59.17
2010,Gujarat,275.46,414.4
2010,Haryana,27.36,-89.4
2010,Haryana,6.35,183.48
2010,Haryana,2.24,-91.81
2010,Haryana,1.64,-99.44
2010,Haryana,258.08,15636.59
2010,Maharashtra,0.7,133.33
2010,Maharashtra,74.14,10491.43
2010,Maharashtra,78.58,5.99
2010,Maharashtra,0.23,-99.92
2010,Maharashtra,71.77,235.06
2010,Maharashtra,0.04,-99.97
2010,Maharashtra,131.9,44.22
2010,Maharashtra,44.71,161.46
2010,Maharashtra,186.5,317.13
2010,Maharashtra,21.42,-88.51
2010,Maharashtra,0.89,-98.44
2010,Maharashtra,37.59,-47.62
2010,Maharashtra,67.6,204.37
2010,Maharashtra,0.01,-99.99
2010,Maharashtra,7.94,79300
2010,Maharashtra,76.93,-2.1
2010,Maharashtra,57.16,-25.7
2010,Maharashtra,281.5,31529.21
2010,Maharashtra,91.46,39665.22
2010,Maharashtra,17.1,42650
2010,Maharashtra,22.21,-40.92
2010,Punjab,0.47,-96.37
2010,Punjab,180.27,57.24
2010,Punjab,114.65,17538.46
2010,Punjab,0.65,38.3
2010,Punjab,0.65,-4.41
2010,Punjab,12.95,1892.31
2010,Telangana,51.68,685.41
2010,Telangana,11.11,-79.18
2010,Telangana,21.71,95.41
2010,Telangana,85.45,23.66
2010,Telangana,69.1,-32.04
2010,Telangana,101.68,-9.31
2010,Telangana,112.12,1054.69
2010,Telangana,53.36,3.25
2010,Telangana,9.71,-55.27
2011,Gujarat,108.63,89.55
2011,Gujarat,185.74,70.98
2011,Gujarat,16.32,-91.21
2011,Gujarat,291.53,59.3
2011,Gujarat,83.22,24.12
2011,Gujarat,30.86,-66.72
2011,Gujarat,3.06,-90.08
2011,Gujarat,59.65,1849.35
2011,Gujarat,309.93,419.58
2011,Gujarat,80.26,-74.1
2011,Gujarat,183.01,128.02
2011,Gujarat,92.74,11.44
2011,Gujarat,13.35,-95.42
2011,Gujarat,171.68,1185.99
2011,Gujarat,66.67,-61.17
2011,Gujarat,67.05,310.85
2011,Haryana,11.79,128.49
2011,Haryana,376.61,5830.87
2011,Haryana,44.48,-88.19
2011,Haryana,5.16,-31.38
2011,Haryana,7.52,-83.09
2011,Maharashtra,59.75,-66.22
2011,Maharashtra,16.4,-72.55
2011,Maharashtra,28.22,72.07
2011,Maharashtra,24.11,-14.56
2011,Maharashtra,57.23,137.37
2011,Maharashtra,121.29,111.93
2011,Maharashtra,45.94,-62.12
2011,Maharashtra,61.74,34.39
2011,Maharashtra,54.69,-11.42
2011,Maharashtra,8.71,-84.07
2011,Maharashtra,88.56,916.76
2011,Maharashtra,71.22,-19.58
2011,Maharashtra,94.67,32.93
2011,Maharashtra,0.88,-99.07
2011,Maharashtra,208,23536.36
2011,Maharashtra,0.41,-99.8
2011,Maharashtra,0.01,-96.55
2011,Maharashtra,0.29,-29.27
2011,Maharashtra,40.48,409.82
2011,Maharashtra,176.87,336.93
2011,Punjab,13.01,2309.26
2011,Punjab,0.54,-95.85
2011,Punjab,0.54,0
2011,Punjab,167.35,30890.74
2011,Punjab,93.38,-44.2
2011,Punjab,0.54,-99.7
2011,Telangana,102.07,184.48
2011,Telangana,6.69,-92.17
2011,Telangana,89.93,1244.25
2011,Telangana,35.12,-60.95
2011,Telangana,35.88,2.16
2011,Telangana,49.87,33.92
2011,Telangana,37.24,593.48
2011,Telangana,5.37,-94.74
2011,Telangana,27.74,-44.38
2012,Gujarat,143.6,1469.4
2012,Gujarat,77.78,16.66
2012,Gujarat,41.26,-46.95
2012,Gujarat,67.32,63.16
2012,Gujarat,3.24,-95.19
2012,Gujarat,83.11,2465.12
2012,Gujarat,63.39,-23.73
2012,Gujarat,19.49,-69.25
2012,Gujarat,49.69,154.95
2012,Gujarat,4.88,-90.18
2012,Gujarat,9.15,87.5
2012,Gujarat,27.32,-68.21
2012,Gujarat,85.94,13.98
2012,Gujarat,75.4,201.48
2012,Gujarat,25.01,-61.58
2012,Gujarat,65.09,-54.67
2012,Haryana,331.33,3665.11
2012,Haryana,42.92,-87.05
2012,Haryana,8.8,34.35
2012,Haryana,0.68,-98.42
2012,Haryana,13.98,1955.88
2012,Haryana,6.55,-44.44
2012,Maharashtra,166.84,15.01
2012,Maharashtra,145.06,50.06
2012,Maharashtra,96.67,6431.76
2012,Maharashtra,1.48,-97.45
2012,Maharashtra,57.97,4.94
2012,Maharashtra,55.24,-6.1
2012,Maharashtra,58.83,23.7
2012,Maharashtra,47.56,79166.67
2012,Maharashtra,0.06,-99.27
2012,Maharashtra,60.63,364.6
2012,Maharashtra,13.05,-90.28
2012,Maharashtra,134.32,49.88
2012,Maharashtra,89.62,896100
2012,Maharashtra,70.02,133.01
2012,Maharashtra,8.19,-86.49
2012,Maharashtra,14.98,-78.61
2012,Maharashtra,30.05,10632.14
2012,Maharashtra,0.28,-99.73
2012,Maharashtra,103.95,-37.69
2012,Punjab,178.16,77.95
2012,Punjab,13.68,-85.35
2012,Punjab,0.54,-96.05
2012,Punjab,0.36,-33.33
2012,Punjab,100.12,27711.11
2012,Telangana,85.01,-15.04
2012,Telangana,102.45,34.98
2012,Telangana,122.96,43.11
2012,Telangana,75.9,-38.27
2012,Telangana,85.92,248.7
2012,Telangana,24.64,-71.02
2012,Telangana,84.96,987.84
2012,Telangana,7.81,-71.85
2012,Telangana,100.06,17.77
2013,Gujarat,8.92,-87.83
2013,Gujarat,206.64,936.31
2013,Gujarat,78.18,5.11
2013,Gujarat,73.3,-6.24
2013,Gujarat,9.92,-80.45
2013,Gujarat,50.74,85.72
2013,Gujarat,101.09,919.05
2013,Gujarat,19.94,-80.28
2013,Gujarat,58.25,-71.81
2013,Gujarat,11.35,-80.52
2013,Gujarat,270.93,2287.05
2013,Gujarat,241.88,-10.72
2013,Gujarat,140.79,-41.79
2013,Gujarat,344.7,144.83
2013,Gujarat,201.06,-41.67
2013,Gujarat,74.38,-63.01
2013,Haryana,0.68,-95.14
2013,Haryana,277.5,40708.82
2013,Haryana,11.6,53.64
2013,Haryana,7.55,15.27
2013,Haryana,40.71,-85.33
2013,Haryana,6.55,-83.91
2013,Maharashtra,68.56,6021.43
2013,Maharashtra,113.98,66.25
2013,Maharashtra,309.15,171.23
2013,Maharashtra,0.13,-99.96
2013,Maharashtra,126.07,96876.92
2013,Maharashtra,37.87,-69.96
2013,Maharashtra,45.81,20.97
2013,Maharashtra,270.72,1707.21
2013,Maharashtra,104.85,-61.27
2013,Maharashtra,40.03,211.03
2013,Maharashtra,135.25,28.99
2013,Maharashtra,0.09,-99.93
2013,Maharashtra,98.35,109177.78
2013,Maharashtra,64.96,-33.95
2013,Maharashtra,18.14,-72.08
2013,Maharashtra,12.87,-29.05
2013,Maharashtra,115.13,187.61
2013,Maharashtra,27.07,-76.49
2013,Maharashtra,1.12,-95.86
2013,Punjab,97.5,522.61
2013,Punjab,154.86,58.83
2013,Punjab,15.66,-91.21
2013,Punjab,0.54,-99.65
2013,Punjab,0.54,0
2013,Telangana,86.03,1461.34
2013,Telangana,118.44,15.61
2013,Telangana,98.77,-16.61
2013,Telangana,25.13,-74.56
2013,Telangana,139.76,456.15
2013,Telangana,119.73,-14.33
2013,Telangana,53.92,-54.97
2013,Telangana,120.46,123.41
2013,Telangana,5.51,-95.43
2014,Gujarat,160.94,19.25
2014,Gujarat,54.56,-66.1
2014,Gujarat,244.3,347.76
2014,Gujarat,87.03,906.13
2014,Gujarat,82.54,-5.16
2014,Gujarat,83.03,0.59
2014,Gujarat,253.6,205.43
2014,Gujarat,140.03,-44.78
2014,Gujarat,140.79,0.54
2014,Gujarat,8.65,-96.46
2014,Gujarat,23.65,-83.2
2014,Gujarat,14.98,-36.66
2014,Gujarat,61.6,311.21
2014,Gujarat,149.24,574.07
2014,Gujarat,22.14,148.21
2014,Gujarat,134.96,-9.57
2014,Haryana,16.9,63.92
2014,Haryana,37.39,1366.27
2014,Haryana,2.55,-78.02
2014,Haryana,10.31,124.13
2014,Haryana,4.6,-98.22
2014,Haryana,257.88,589.7
2014,Maharashtra,138.26,201.81
2014,Maharashtra,27.27,12295.45
2014,Maharashtra,64.7,271.63
2014,Maharashtra,17.41,-47.61
2014,Maharashtra,33.23,-36.38
2014,Maharashtra,52.23,20792
2014,Maharashtra,0.25,1150
2014,Maharashtra,0.02,-99.93
2014,Maharashtra,30.17,11.58
2014,Maharashtra,27.04,-62.76
2014,Maharashtra,72.61,40.36
2014,Maharashtra,51.73,106.18
2014,Maharashtra,25.09,-7.99
2014,Maharashtra,0.22,-95.25
2014,Maharashtra,4.63,-85.45
2014,Maharashtra,31.82,-9.91
2014,Maharashtra,35.32,48.09
2014,Maharashtra,23.85,196.27
2014,Maharashtra,8.05,-94.18
2014,Punjab,146.85,894.92
2014,Punjab,14.76,-81.54
2014,Punjab,79.95,14705.56
2014,Telangana,42.05,-59.23
2014,Telangana,103.15,18.33
2014,Telangana,87.17,338.26
2014,Telangana,19.89,-78.13
2014,Telangana,90.93,5.7
2014,Telangana,83.61,2366.37
2014,Telangana,3.39,-96.78
2014,Telangana,105.42,-3.63
2014,Telangana,109.39,160.14
2015,Gujarat,53.84,-47.13
2015,Gujarat,190.83,243.16
2015,Gujarat,55.61,17.1
2015,Gujarat,47.49,321.76
2015,Gujarat,11.26,-37.31
2015,Gujarat,17.96,-87.79
2015,Gujarat,147.04,2215.59
2015,Gujarat,54.69,1.58
2015,Gujarat,6.35,-89.69
2015,Gujarat,101.83,-5.8
2015,Gujarat,108.1,-10.28
2015,Gujarat,120.48,35.77
2015,Gujarat,88.74,-66.17
2015,Gujarat,262.34,242.79
2015,Gujarat,76.53,425.62
2015,Gujarat,14.56,-92.37
2015,Haryana,13.95,-17.46
2015,Haryana,3.06,-78.06
2015,Haryana,132.11,4217.32
2015,Haryana,10.81,-91.82
2015,Haryana,2.07,-80.85
2015,Haryana,17.11,726.57
2015,Maharashtra,1.51,-96.51
2015,Maharashtra,18.18,-34.51
2015,Maharashtra,43.31,-33.06
2015,Maharashtra,61.78,112.67
2015,Maharashtra,29.05,59.79
2015,Maharashtra,27.76,-63.31
2015,Maharashtra,75.67,-30.62
2015,Maharashtra,109.06,1090500
2015,Maharashtra,0.01,-99.79
2015,Maharashtra,4.84,5277.78
2015,Maharashtra,0.09,-30.77
2015,Maharashtra,0.13,-98.15
2015,Maharashtra,7.02,-81.44
2015,Maharashtra,37.82,-56.53
2015,Maharashtra,87.01,50.64
2015,Maharashtra,57.76,-23.05
2015,Maharashtra,75.06,94.41
2015,Maharashtra,38.61,29.39
2015,Maharashtra,29.84,1876.16
2015,Punjab,3.24,1700
2015,Punjab,30.07,828.09
2015,Punjab,37.25,23.88
2015,Punjab,0.18,-99.88
2015,Telangana,98.69,3222.9
2015,Telangana,150.96,52.96
2015,Telangana,115.49,-23.5
2015,Telangana,2.97,-93.72
2015,Telangana,16.91,-79.78
2015,Telangana,83.52,393.91
2015,Telangana,115.43,38.21
2015,Telangana,40.71,-64.73
2015,Telangana,47.26,16.09
2016,Gujarat,37.77,403.6
2016,Gujarat,3.09,-91.82
2016,Gujarat,23.2,650.81
2016,Gujarat,44.15,-72.35
2016,Gujarat,46.45,5.21
2016,Gujarat,107.41,76.52
2016,Gujarat,69.18,-35.59
2016,Gujarat,105.2,52.07
2016,Gujarat,36.8,-65.02
2016,Gujarat,104.19,183.13
2016,Gujarat,159.67,588.23
2016,Gujarat,60.85,11.26
2016,Gujarat,54.61,-1.46
2016,Gujarat,12.53,-77.06
2016,Gujarat,55.42,-46.81
2016,Gujarat,7.5,-40.14
2016,Haryana,7.2,-57.92
2016,Haryana,32.08,345.56
2016,Haryana,2.66,-91.71
2016,Haryana,24.67,827.44
2016,Haryana,11.67,-52.7
2016,Haryana,289.11,2377.38
2016,Maharashtra,99.04,10.55
2016,Maharashtra,89.59,-54.67
2016,Maharashtra,197.62,78948
2016,Maharashtra,114.37,1831.93
2016,Maharashtra,86.44,-14.82
2016,Maharashtra,101.48,31612.5
2016,Maharashtra,0.32,-98.72
2016,Maharashtra,28.53,-75.05
2016,Maharashtra,85.85,200.91
2016,Maharashtra,25.09,-73.02
2016,Maharashtra,0.04,-99.95
2016,Maharashtra,144.72,361700
2016,Maharashtra,263.21,81.88
2016,Maharashtra,304.4,15.65
2016,Maharashtra,92.99,-28.14
2016,Maharashtra,129.4,109.45
2016,Maharashtra,5.92,-94.02
2016,Maharashtra,0.25,-99.71
2016,Maharashtra,166.64,-45.26
2016,Punjab,79.71,-43.02
2016,Punjab,0.72,-90.7
2016,Punjab,7.74,-79.22
2016,Punjab,139.89,19329.17
2016,Telangana,126.18,176.04
2016,Telangana,84.16,-27.13
2016,Telangana,20.39,-75.77
2016,Telangana,85.85,321.04
2016,Telangana,45.71,-46.76
2016,Telangana,46.56,-63.1
2016,Telangana,135.11,190.18
2016,Telangana,72.34,-46.46
2016,Telangana,3.68,-94.91
2017,Gujarat,150.3,133.64
2017,Gujarat,11.77,-94.09
2017,Gujarat,11.91,1.19
2017,Gujarat,240.85,63.77
2017,Gujarat,13.97,-90.71
2017,Gujarat,64.33,42.42
2017,Gujarat,147.07,122.33
2017,Gujarat,66.15,373.51
2017,Gujarat,45.17,297.97
2017,Gujarat,41.27,-11.15
2017,Gujarat,83.39,102.06
2017,Gujarat,277.65,232.95
2017,Gujarat,107.2,-61.39
2017,Gujarat,348.73,225.31
2017,Gujarat,11.35,-96.75
2017,Gujarat,199.17,-17.31
2017,Haryana,202.1,-30.1
2017,Haryana,10.08,-95.01
2017,Haryana,30.82,-3.23
2017,Haryana,3.25,-89.45
2017,Haryana,14.58,348.62
2017,Haryana,31.85,215.97
2017,Maharashtra,102.89,64.36
2017,Maharashtra,3.55,-89.1
2017,Maharashtra,32.56,81300
2017,Maharashtra,0.04,-99.91
2017,Maharashtra,68.45,-54.45
2017,Maharashtra,0.07,-99.89
2017,Maharashtra,150.28,214585.71
2017,Maharashtra,85.95,-48.42
2017,Maharashtra,62.57,-27.2
2017,Maharashtra,113.13,565550
2017,Maharashtra,46.46,-32.13
2017,Maharashtra,106.16,-6.16
2017,Maharashtra,25.94,-75.57
2017,Maharashtra,39.71,53.08
2017,Maharashtra,50,249900
2017,Maharashtra,62.6,57.64
2017,Maharashtra,90.32,80.64
2017,Maharashtra,0.02,-99.44
2017,Maharashtra,56.11,-37.88
2017,Maharashtra,0.02,-99.96
2017,Punjab,0.72,-99.1
2017,Punjab,137.29,18968.06
2017,Punjab,6.48,-95.28
2017,Punjab,86.45,1234.1
2017,Telangana,149.19,3954.08
2017,Telangana,101.28,-32.11
2017,Telangana,123.38,21.82
2017,Telangana,87.19,-29.33
2017,Telangana,131.64,50.98
2017,Telangana,51.08,-61.2
2017,Telangana,99.72,95.22
2017,Telangana,182.74,83.25
2017,Telangana,8.97,-95.09
